id,hitemp_40,hitemp_35,hitemp_30,hitemp_25,hitemp_0,max_hitemp,max_hitemp_date,lwtemp_25,lwtemp_0,min_lwtemp,min_lwtemp_date,sm_rain,rain_7d,rain_15d
11001,0,0,0,0,56,24.2,2026-06-01,0,87,-11.0,2026-01-06,243.5,4.5,33.0
11016,0,0,0,0,43,24.9,2026-06-03,0,75,-11.0,2026-01-29,378.5,6.0,46.0
11046,0,0,0,0,46,24.2,2026-06-03,0,75,-11.1,2026-01-14,391.0,10.0,48.5
11061,0,0,0,1,46,26.3,2026-06-03,0,96,-21.1,2026-01-29,185.5,3.5,29.5
11076,0,0,0,1,54,26.2,2026-06-01,0,97,-18.3,2026-01-29,274.0,5.0,25.5
11091,0,0,0,1,44,25.3,2026-06-03,0,87,-10.9,2026-01-28,347.5,4.5,34.0
11121,0,0,0,1,49,28.3,2026-06-03,0,99,-23.5,2026-01-29,422.5,5.5,44.0
11151,0,0,0,1,40,25.1,2026-06-03,0,78,-9.9,2026-01-14,336.5,4.5,37.5
11176,0,0,0,1,45,27.1,2026-06-03,0,94,-18.5,2026-01-29,302.0,7.0,40.5
11206,0,0,0,2,53,28.0,2026-06-01,0,97,-18.5,2026-01-29,372.5,4.0,24.0
11276,0,0,1,4,48,31.0,2026-06-03,0,108,-23.9,2026-01-26,422.0,5.0,28.5
11291,0,0,1,2,51,30.1,2026-06-01,0,90,-12.8,2026-01-06,465.5,5.0,22.5
11316,0,0,1,4,47,30.5,2026-06-01,0,110,-24.7,2026-01-06,426.5,5.0,24.0
12011,0,0,1,2,47,30.3,2026-06-03,0,103,-23.8,2026-01-29,327.0,10.0,26.5
12041,0,0,2,5,48,31.4,2026-06-03,0,99,-26.5,2026-01-06,313.5,8.5,25.5
12066,--,--,--,--,--,--,--,--,--,--,--,341.0,8.5,24.0
12141,0,0,2,5,46,31.3,2026-06-03,0,102,-22.9,2026-02-09,336.5,10.5,22.0
12181,0,0,2,6,47,31.4,2026-06-03,0,101,-23.0,2026-02-09,264.5,10.5,22.5
12217,--,--,--,--,--,--,--,--,--,--,--,307.0,13.0,25.0
12231,0,0,0,6,46,29.6,2026-06-03,0,107,-23.7,2026-01-26,271.5,14.0,37.0
12256,--,--,--,--,--,--,--,--,--,--,--,259.5,17.5,29.5
12261,0,0,1,5,44,30.6,2026-06-03,0,98,-22.3,2026-01-26,333.5,16.0,35.0
12266,0,0,0,7,47,29.5,2026-06-03,0,108,-21.6,2026-01-26,286.0,16.0,37.0
12301,0,0,3,8,43,31.4,2026-06-03,0,94,-26.5,2026-01-26,280.0,19.0,33.0
12386,0,0,0,6,41,29.7,2026-06-03,0,113,-28.9,2026-01-26,433.5,24.0,53.0
12396,0,0,0,7,44,29.8,2026-06-03,0,106,-22.1,2026-01-26,232.0,19.5,42.0
12411,0,0,0,5,49,28.9,2026-06-01,0,109,-22.7,2026-01-26,284.0,19.0,46.5
12442,0,0,2,8,39,30.8,2026-06-03,0,91,-19.9,2026-01-26,340.5,24.5,45.5
12451,0,0,0,7,46,29.8,2026-06-03,0,95,-20.2,2026-01-26,221.0,24.5,43.5
12457,--,--,--,--,--,--,--,--,--,--,--,357.5,22.0,53.0
12471,--,--,--,--,--,--,--,--,--,--,--,378.0,12.0,41.5
12501,0,0,0,6,44,29.7,2026-06-03,0,101,-21.2,2026-01-26,211.0,24.0,41.5
12512,0,0,0,6,47,28.6,2026-06-02,0,100,-20.7,2026-01-26,279.5,27.0,48.5
12551,0,0,2,9,42,30.4,2026-06-01,0,106,-25.1,2026-01-26,240.0,25.0,44.5
12596,0,0,2,9,39,30.3,2026-06-01,0,97,-23.4,2026-02-08,247.0,28.5,50.0
12607,--,--,--,--,--,--,--,--,--,--,--,439.0,19.5,48.0
12626,0,0,2,10,39,31.1,2026-06-01,0,92,-26.7,2026-01-24,280.5,30.0,59.5
12632,0,0,2,8,45,30.4,2026-06-01,0,107,-24.9,2026-02-08,242.0,23.0,58.5
12686,--,--,--,--,--,--,--,--,--,--,--,390.5,49.5,78.0
12691,0,0,0,7,44,29.5,2026-06-02,0,103,-26.0,2026-01-24,294.5,39.5,58.5
12746,0,0,0,5,38,27.7,2026-06-03,0,114,-28.4,2026-01-26,357.0,28.0,65.0
13011,--,--,--,--,--,--,--,--,--,--,--,321.0,6.5,34.0
13061,0,0,0,1,43,26.0,2026-06-03,0,95,-22.7,2026-01-25,297.0,9.0,38.5
13086,0,0,0,2,43,27.3,2026-06-03,0,92,-19.2,2026-01-25,416.0,12.5,44.0
13121,0,0,0,2,35,27.0,2026-06-03,0,91,-17.4,2026-01-26,336.0,15.5,43.0
13146,0,0,0,1,34,25.9,2026-06-03,0,66,-9.2,2026-01-01,329.5,15.0,35.5
13181,0,0,0,3,34,28.6,2026-06-01,0,84,-17.2,2026-01-25,464.0,18.5,43.5
13206,--,--,--,--,--,--,--,--,--,--,--,478.5,25.0,50.0
13261,0,0,1,7,40,30.6,2026-06-03,0,101,-23.4,2026-01-26,588.0,18.5,44.5
13277,0,0,0,2,32,28.8,2026-06-01,0,81,-15.7,2026-01-26,372.0,22.0,41.5
13311,0,0,1,3,32,30.1,2026-06-01,0,75,-12.9,2026-01-25,312.0,20.5,43.5
13321,0,0,2,5,39,31.3,2026-06-01,0,102,-24.0,2026-01-26,563.0,23.0,38.5
14026,0,0,0,3,25,29.8,2026-06-01,0,76,-17.4,2026-01-25,412.0,18.5,46.0
14071,0,0,0,3,28,29.9,2026-06-01,0,82,-17.1,2026-01-26,367.0,23.5,44.5
14101,0,0,0,6,35,29.6,2026-06-02,0,86,-22.8,2026-02-08,308.5,37.0,56.5
14116,0,0,3,8,32,31.2,2026-06-01,0,80,-18.2,2026-02-08,436.5,21.5,36.0
14121,0,0,0,3,33,28.2,2026-06-02,0,87,-19.5,2026-01-26,368.5,25.0,43.5
14136,0,0,0,5,35,27.9,2026-06-02,0,88,-22.2,2026-02-08,327.0,39.0,56.5
14157,--,--,--,--,--,--,--,--,--,--,--,485.5,25.5,36.0
14163,0,0,2,7,28,30.6,2026-06-01,0,67,-12.3,2026-01-26,472.0,31.0,40.5
14191,--,--,--,--,--,--,--,--,--,--,--,310.0,21.0,33.5
14206,0,0,0,4,33,29.5,2026-06-02,0,91,-23.0,2026-02-08,371.5,41.0,57.5
14286,0,0,0,3,40,27.0,2026-06-01,0,86,-12.6,2026-02-09,497.0,80.5,106.5
14296,0,0,0,2,27,26.7,2026-05-31,0,93,-22.5,2026-02-08,294.0,49.5,66.5
15041,0,0,1,4,51,30.0,2026-06-03,0,118,-28.3,2026-01-26,479.0,14.0,32.0
15076,0,0,1,6,47,30.6,2026-06-03,0,101,-27.3,2026-01-26,427.0,18.0,37.5
15116,0,0,3,9,42,30.5,2026-06-01,0,103,-24.8,2026-02-03,360.5,25.5,42.5
15161,0,0,0,7,40,29.7,2026-06-02,0,95,-23.9,2026-02-03,339.5,39.5,60.0
15197,--,--,--,--,--,--,--,--,--,--,--,327.5,36.0,53.0
15216,--,--,--,--,--,--,--,--,--,--,--,371.5,31.0,56.0
15231,0,0,1,6,38,30.2,2026-06-01,0,101,-23.1,2026-01-26,468.5,35.0,49.5
15241,0,0,1,7,39,30.0,2026-06-02,0,92,-22.0,2026-02-03,281.0,33.0,47.0
15247,--,--,--,--,--,--,--,--,--,--,--,362.5,39.0,64.0
15251,0,0,2,7,39,31.2,2026-06-01,0,94,-19.6,2026-01-26,322.5,38.5,61.5
15276,--,--,--,--,--,--,--,--,--,--,--,394.0,38.5,56.5
15311,0,0,0,5,36,29.7,2026-06-02,0,97,-20.5,2026-02-08,396.5,39.0,65.5
15321,0,0,0,6,36,29.6,2026-06-02,0,93,-22.4,2026-02-03,271.5,37.5,56.5
15356,0,0,0,6,36,29.0,2026-06-02,0,81,-16.7,2026-02-03,326.0,45.0,66.5
15391,--,--,--,--,--,--,--,--,--,--,--,251.5,42.5,61.0
15431,0,0,0,5,33,29.0,2026-06-02,0,84,-20.1,2026-01-24,324.5,46.0,65.0
15442,0,0,0,6,41,28.3,2026-06-01,0,98,-19.7,2026-02-08,356.0,32.0,61.5
15451,--,--,--,--,--,--,--,--,--,--,--,430.0,27.5,79.0
15491,--,--,--,--,--,--,--,--,--,--,--,310.0,30.0,59.0
16026,0,0,0,4,35,29.7,2026-06-01,0,93,-14.4,2026-01-06,745.0,24.5,45.5
16061,0,0,0,4,29,29.6,2026-06-01,0,66,-9.4,2026-01-01,471.5,27.5,87.5
16076,0,0,1,5,36,31.6,2026-06-01,0,82,-16.3,2026-01-06,428.0,14.5,28.5
16091,0,0,0,4,33,27.7,2026-06-01,0,73,-10.2,2026-02-08,456.5,16.0,29.5
16126,--,--,--,--,--,--,--,--,--,--,--,406.0,15.5,38.5
16156,0,0,0,5,33,29.6,2026-06-01,0,77,-13.6,2026-02-09,366.0,10.0,45.5
16206,0,0,1,7,34,30.0,2026-06-01,0,92,-17.5,2026-01-30,554.0,23.5,54.0
16217,0,0,0,5,39,29.7,2026-06-01,0,87,-17.6,2026-01-30,570.0,18.5,38.5
16252,0,0,0,3,32,28.2,2026-06-01,0,66,-9.5,2026-01-01,551.5,21.0,51.0
16272,--,--,--,--,--,--,--,--,--,--,--,524.5,23.5,48.5
16281,0,0,0,1,51,25.3,2026-06-02,0,98,-15.9,2026-02-08,432.5,19.5,46.0
16286,0,0,0,4,41,27.6,2026-06-03,0,106,-26.3,2026-01-26,352.5,23.5,45.0
16321,0,0,0,6,30,29.1,2026-06-02,0,92,-20.8,2026-02-08,673.5,54.5,73.0
17036,0,0,1,5,47,31.8,2026-06-01,0,101,-17.5,2026-01-06,361.5,5.5,14.5
17076,0,0,1,6,46,31.2,2026-06-01,0,103,-20.0,2026-01-07,336.0,5.5,12.0
17091,0,0,0,5,47,29.5,2026-06-01,0,104,-22.4,2026-01-29,274.0,8.5,17.0
17112,0,0,1,3,48,30.0,2026-06-02,0,90,-13.9,2026-01-24,305.5,9.0,17.5
17116,0,0,0,3,50,29.0,2026-06-02,0,102,-17.2,2026-01-24,174.0,6.5,11.5
17166,0,0,0,4,47,28.7,2026-06-01,0,98,-17.3,2026-01-01,171.5,8.5,20.0
17196,0,0,3,11,45,30.9,2026-06-03,0,105,-23.9,2026-01-26,219.5,11.5,16.0
17211,--,--,--,--,--,--,--,--,--,--,--,242.0,9.5,17.5
17246,0,0,0,5,45,29.4,2026-06-02,0,98,-21.3,2026-01-25,145.0,12.5,20.0
17306,0,0,2,8,39,32.1,2026-06-01,0,105,-21.4,2026-01-25,147.0,14.5,20.0
17316,0,0,3,8,41,32.2,2026-06-01,0,107,-22.7,2026-01-29,181.5,11.0,19.0
17341,0,0,1,4,45,31.1,2026-06-02,0,89,-13.9,2026-01-07,212.5,15.0,25.5
17351,0,0,2,6,49,30.3,2026-06-02,0,98,-13.4,2026-01-24,545.5,8.5,44.5
17386,--,--,--,--,--,--,--,--,--,--,--,116.0,14.5,25.0
17482,0,0,0,7,56,28.7,2026-06-03,0,111,-17.8,2026-01-26,187.0,16.5,38.5
17501,0,0,2,8,44,31.1,2026-06-01,0,113,-25.9,2026-01-25,126.5,11.5,20.5
17512,--,--,--,--,--,--,--,--,--,--,--,176.0,18.0,25.5
17521,0,0,3,8,44,32.6,2026-06-01,0,108,-23.2,2026-01-07,109.0,18.0,26.5
17531,0,0,2,7,43,30.4,2026-06-02,0,106,-20.1,2026-01-07,121.5,13.5,31.0
17541,--,--,--,--,--,--,--,--,--,--,--,167.5,15.0,46.5
17546,0,0,1,8,44,32.1,2026-06-02,0,97,-19.8,2026-01-25,151.5,13.5,44.5
17561,0,0,1,8,44,31.0,2026-06-02,0,100,-22.6,2026-01-25,206.5,8.5,39.0
17596,0,0,2,9,49,31.1,2026-06-01,0,114,-20.0,2026-01-02,119.5,17.0,23.5
17607,0,0,2,10,44,32.7,2026-06-01,0,110,-19.5,2026-02-09,110.0,11.5,14.5
17631,0,0,2,9,41,30.7,2026-06-01,0,105,-21.3,2026-01-07,137.0,11.5,40.0
17642,--,--,--,--,--,--,--,--,--,--,--,164.0,14.5,30.5
17686,--,--,--,--,--,--,--,--,--,--,--,177.0,18.5,25.0
17717,0,0,3,11,40,33.4,2026-06-01,0,103,-21.4,2026-01-06,105.0,12.5,18.0
17776,--,--,--,--,--,--,--,--,--,--,--,128.5,15.0,17.0
18038,0,0,0,1,39,26.1,2026-06-01,0,93,-11.8,2026-01-01,468.5,19.0,65.0
18091,--,--,--,--,--,--,--,--,--,--,--,365.0,34.5,64.5
18136,0,0,0,1,37,26.7,2026-05-12,0,92,-19.2,2026-01-24,303.5,15.5,41.5
18161,0,0,0,2,44,28.5,2026-06-02,0,110,-18.0,2026-01-07,282.5,16.5,35.5
18171,0,0,0,4,37,29.3,2026-06-01,0,110,-21.8,2026-01-24,302.0,18.0,42.0
18174,0,0,0,4,39,29.5,2026-06-01,0,117,-23.8,2026-01-24,248.0,14.0,37.0
18256,0,0,0,4,28,29.2,2026-06-01,0,114,-22.4,2026-01-24,306.0,15.5,39.5
18273,0,0,0,0,30,24.5,2026-06-01,0,81,-10.6,2026-01-07,301.5,11.0,50.0
18281,0,0,0,1,30,25.0,2026-06-01,0,89,-9.6,2026-01-24,206.0,3.5,43.5
18311,0,0,0,2,32,26.4,2026-06-01,0,109,-20.9,2026-01-25,308.5,9.5,44.5
19021,0,0,1,6,38,30.4,2026-06-02,0,110,-23.0,2026-01-24,175.5,8.0,16.0
19051,0,0,0,2,44,29.9,2026-06-02,0,107,-20.1,2026-01-24,206.0,11.0,21.5
19076,0,0,0,6,48,29.6,2026-06-01,0,119,-24.1,2026-01-24,261.5,19.0,26.0
19151,0,0,0,2,29,29.7,2026-06-01,0,111,-23.0,2026-01-24,259.5,12.0,46.0
19191,0,0,0,3,26,29.7,2026-06-02,0,110,-21.5,2026-01-24,299.5,20.5,46.5
19261,0,0,1,5,29,30.0,2026-06-02,0,119,-21.3,2026-01-22,322.0,19.0,43.0
19281,--,--,--,--,--,--,--,--,--,--,--,309.0,14.5,48.0
19301,--,--,--,--,--,--,--,--,--,--,--,344.0,13.0,52.0
19311,0,0,0,0,29,22.6,2026-05-12,0,101,-20.7,2026-01-24,276.0,8.5,47.0
19346,--,--,--,--,--,--,--,--,--,--,--,332.5,16.0,40.0
19347,0,0,0,0,34,24.9,2026-05-31,0,96,-15.2,2026-01-24,271.5,17.0,53.5
19376,0,0,0,2,31,27.9,2026-06-02,0,98,-16.4,2026-01-24,311.0,10.5,46.5
19406,--,--,--,--,--,--,--,--,--,--,--,280.5,17.0,39.0
19416,0,0,0,1,24,25.3,2026-05-31,0,110,-16.0,2026-01-24,233.0,8.5,38.5
19432,0,0,0,0,21,22.1,2026-05-10,0,80,-15.7,2026-01-24,273.0,11.5,44.5
19451,0,0,0,0,39,24.1,2026-06-02,0,92,-12.2,2026-01-25,160.5,13.0,37.0
20047,--,--,--,--,--,--,--,--,--,--,--,192.5,31.5,47.0
20071,--,--,--,--,--,--,--,--,--,--,--,151.5,19.0,21.5
20146,0,0,2,7,43,31.6,2026-06-01,0,115,-28.1,2026-01-24,137.5,18.0,22.5
20186,0,0,1,5,46,30.2,2026-06-01,0,114,-23.5,2026-01-24,338.0,42.0,81.0
20202,--,--,--,--,--,--,--,--,--,--,--,214.0,33.5,60.0
20222,--,--,--,--,--,--,--,--,--,--,--,143.5,17.0,24.5
20266,0,0,2,5,39,30.8,2026-06-01,0,107,-20.9,2026-02-09,219.0,36.0,63.0
20276,0,0,2,6,30,32.2,2026-06-01,0,99,-21.5,2026-01-24,166.0,23.0,37.0
20331,--,--,--,--,--,--,--,--,--,--,--,181.5,20.5,33.0
20341,0,0,2,9,29,32.2,2026-06-01,0,99,-22.6,2026-02-09,139.0,14.5,27.0
20356,0,0,2,8,37,31.3,2026-06-01,0,96,-18.9,2026-01-25,286.0,49.5,74.5
20361,0,0,2,8,39,30.8,2026-06-01,0,97,-17.5,2026-01-07,245.5,37.5,61.0
20371,0,0,2,7,32,32.4,2026-06-01,0,101,-23.3,2026-01-26,207.5,34.0,51.5
20421,0,0,2,10,33,32.6,2026-06-01,0,99,-23.6,2026-01-25,236.5,34.5,50.0
20432,0,0,2,12,28,32.8,2026-06-01,0,87,-19.0,2026-01-25,239.5,31.5,47.0
20441,0,0,2,7,30,31.8,2026-06-02,0,105,-22.7,2026-01-24,208.5,23.0,36.5
20451,--,--,--,--,--,--,--,--,--,--,--,210.5,12.0,24.0
20506,0,0,1,6,24,30.3,2026-06-02,0,96,-17.8,2026-01-24,234.0,16.0,27.5
20551,0,0,2,6,36,31.3,2026-06-02,0,102,-23.7,2026-02-08,234.5,34.0,42.0
20556,0,0,2,8,31,32.5,2026-06-01,0,106,-24.5,2026-01-25,254.0,30.5,40.0
20601,0,0,2,4,39,31.5,2026-06-02,0,110,-21.0,2026-01-25,305.5,46.5,54.5
20606,0,0,2,6,37,32.4,2026-06-02,0,97,-20.8,2026-01-25,301.0,42.5,51.5
20631,0,0,0,0,28,24.9,2026-05-31,0,92,-18.1,2026-01-24,247.0,21.0,35.0
20696,0,0,2,5,31,32.4,2026-06-02,0,107,-21.3,2026-01-24,298.0,51.5,65.5
20751,0,0,2,3,23,31.5,2026-06-02,0,85,-13.3,2026-02-08,502.0,73.5,89.0
21031,--,--,--,--,--,--,--,--,--,--,--,284.0,40.5,59.0
21111,0,0,0,4,24,27.9,2026-06-02,0,97,-22.0,2026-01-21,263.0,41.0,57.5
21126,0,0,0,6,24,28.8,2026-06-02,0,108,-20.9,2026-01-26,285.5,39.0,54.0
21161,0,0,0,3,42,26.8,2026-06-01,0,108,-22.0,2026-02-08,420.0,29.5,51.5
21171,0,0,0,1,35,26.3,2026-06-02,0,92,-17.9,2026-02-08,671.5,145.5,181.0
21187,0,0,0,1,18,25.2,2026-05-31,0,81,-15.5,2026-02-08,359.5,85.0,108.0
21226,0,0,0,1,25,26.4,2026-06-02,0,101,-17.7,2026-02-08,413.5,54.5,80.5
21237,--,--,--,--,--,--,--,--,--,--,--,317.5,45.0,69.5
21251,--,--,--,--,--,--,--,--,--,--,--,670.5,160.5,207.0
21261,0,0,0,1,19,25.1,2026-05-31,0,84,-16.2,2026-02-08,457.5,109.0,135.0
21276,0,0,0,1,24,26.3,2026-06-02,0,95,-21.1,2026-01-30,291.0,46.0,63.5
21297,0,0,0,1,22,27.0,2026-06-02,0,85,-14.8,2026-02-08,186.5,26.0,55.0
21312,0,0,0,2,32,27.6,2026-06-02,0,85,-13.0,2026-02-08,663.0,195.5,233.0
21323,0,0,0,0,17,24.9,2026-06-01,0,67,-8.0,2026-02-07,417.0,109.0,133.5
22036,0,0,0,6,35,29.0,2026-06-02,0,106,-20.8,2026-01-24,302.0,19.5,47.0
22072,--,--,--,--,--,--,--,--,--,--,--,335.0,28.5,48.5
22106,--,--,--,--,--,--,--,--,--,--,--,308.0,40.0,59.0
22141,0,0,0,0,26,24.7,2026-06-02,0,84,-15.0,2026-01-21,286.0,45.0,61.5
22156,0,0,0,6,19,29.3,2026-06-02,0,105,-19.5,2026-01-21,348.0,45.0,64.5
22206,--,--,--,--,--,--,--,--,--,--,--,311.5,33.0,47.0
22241,0,0,0,1,18,25.4,2026-06-01,0,75,-13.8,2026-01-26,273.0,37.5,48.0
22291,0,0,0,2,17,26.0,2026-06-02,0,103,-19.2,2026-01-22,336.0,34.0,56.0
22306,0,0,0,4,27,28.3,2026-06-02,0,101,-21.0,2026-01-22,466.0,43.0,77.5
22327,0,0,0,0,16,22.7,2026-06-01,0,73,-9.5,2026-02-08,300.5,36.5,64.0
22356,--,--,--,--,--,--,--,--,--,--,--,672.0,80.0,100.0
22366,--,--,--,--,--,--,--,--,--,--,--,324.5,33.5,61.5
22391,0,0,0,0,21,20.8,2026-06-02,0,75,-7.9,2026-02-07,248.0,28.0,56.5
23031,0,0,0,0,28,24.6,2026-05-31,0,82,-16.2,2026-02-08,474.0,53.0,77.5
23086,0,0,0,3,26,27.9,2026-06-02,0,80,-13.6,2026-02-08,419.5,36.5,54.5
23166,0,0,0,2,26,29.1,2026-06-01,0,91,-17.3,2026-01-21,340.0,29.0,50.0
23191,--,--,--,--,--,--,--,--,--,--,--,339.5,36.0,55.0
23206,0,0,0,2,18,27.1,2026-06-02,0,70,-11.3,2026-02-07,473.5,78.0,98.0
23226,0,0,0,3,23,27.7,2026-06-01,0,76,-15.8,2026-01-22,371.5,45.5,69.5
23232,0,0,0,4,20,28.2,2026-06-03,0,70,-11.8,2026-01-22,382.5,44.0,71.0
23281,0,0,0,1,21,25.8,2026-06-03,0,81,-15.7,2026-01-22,285.5,44.5,72.5
23291,--,--,--,--,--,--,--,--,--,--,--,422.5,115.5,147.0
23321,--,--,--,--,--,--,--,--,--,--,--,509.0,46.5,66.5
23326,0,0,2,5,24,30.5,2026-06-02,0,78,-12.7,2026-02-07,469.5,37.0,53.5
23356,--,--,--,--,--,--,--,--,--,--,--,757.0,46.5,72.0
23376,0,0,0,1,15,25.8,2026-06-03,0,57,-8.2,2026-02-07,474.0,30.5,64.0
24041,0,0,0,2,25,27.4,2026-06-01,0,70,-10.1,2026-01-30,406.5,30.0,50.0
24051,0,0,0,5,31,26.9,2026-06-02,0,92,-18.8,2026-01-22,535.0,38.0,72.0
24101,0,0,0,1,15,26.4,2026-06-03,0,49,-7.7,2026-01-01,300.5,19.0,34.5
24141,0,0,0,1,20,28.2,2026-06-03,0,71,-9.5,2026-01-22,470.5,17.5,63.0
24156,0,0,0,1,26,27.8,2026-06-03,0,59,-9.1,2026-02-07,274.0,14.5,37.5
24166,--,--,--,--,--,--,--,--,--,--,--,370.5,22.5,59.0
24201,0,0,0,6,26,28.9,2026-06-03,0,94,-19.5,2026-01-22,515.5,43.0,85.0
24217,0,0,0,1,15,29.0,2026-06-03,0,58,-8.3,2026-01-22,422.0,44.5,69.5
24236,--,--,--,--,--,--,--,--,--,--,--,200.5,3.5,23.5
31001,0,0,0,0,14,23.3,2026-06-02,0,52,-6.8,2026-02-07,254.5,25.5,54.0
31036,--,--,--,--,--,--,--,--,--,--,--,692.5,54.5,89.0
31111,0,0,0,5,17,27.9,2026-06-02,0,74,-14.1,2026-02-03,455.0,60.5,98.0
31121,0,0,0,2,16,25.8,2026-05-19,0,83,-12.8,2026-02-07,436.0,77.0,104.0
31136,0,0,0,5,18,29.5,2026-06-01,0,68,-8.1,2026-01-26,682.0,33.5,59.5
31156,0,0,0,4,16,29.6,2026-06-02,0,65,-7.2,2026-01-26,598.0,70.5,107.5
31186,0,0,0,5,12,27.3,2026-05-27,0,66,-9.7,2026-01-26,545.5,29.5,56.5
31201,0,0,0,3,18,27.6,2026-06-02,0,82,-13.0,2026-01-31,593.0,43.5,86.5
31296,0,0,1,9,17,31.0,2026-06-01,0,70,-8.9,2026-01-26,572.0,27.5,60.5
31312,0,0,0,9,15,29.2,2026-06-02,0,61,-8.5,2026-01-26,633.0,35.5,72.0
31321,--,--,--,--,--,--,--,--,--,--,--,646.0,41.5,76.0
31332,0,0,0,2,11,26.2,2026-06-01,0,69,-8.4,2026-02-08,464.0,45.5,78.0
31336,0,0,0,5,20,29.5,2026-06-01,0,76,-11.2,2026-02-07,503.5,64.0,94.5
31366,0,0,0,6,11,28.6,2026-06-01,0,62,-6.6,2026-02-07,593.5,32.5,69.5
31386,0,0,1,6,29,30.3,2026-06-01,0,87,-12.9,2026-01-26,412.5,36.0,70.0
31411,--,--,--,--,--,--,--,--,--,--,--,381.5,54.0,86.5
31436,0,0,0,4,10,28.7,2026-06-03,0,54,-6.4,2026-01-20,662.5,40.0,73.5
31451,--,--,--,--,--,--,--,--,--,--,--,783.5,23.5,63.5
31461,0,0,3,11,20,32.6,2026-06-01,0,75,-9.5,2026-01-30,536.5,25.5,54.0
31466,0,0,1,7,23,30.8,2026-06-01,0,74,-10.5,2026-01-24,360.5,33.0,61.5
31482,0,0,0,1,62,25.2,2026-06-01,0,101,-14.8,2026-01-26,749.5,56.0,108.0
31506,0,0,1,7,17,30.4,2026-06-02,0,65,-9.3,2026-01-25,250.0,38.5,64.5
31551,--,--,--,--,--,--,--,--,--,--,--,460.5,22.0,48.5
31562,--,--,--,--,--,--,--,--,--,--,--,622.5,42.0,91.0
31586,0,0,2,10,14,30.8,2026-06-02,0,74,-13.6,2026-01-24,216.5,37.5,62.0
31602,0,0,2,8,11,32.0,2026-06-02,0,64,-8.2,2026-01-07,198.0,28.0,44.0
31646,0,0,0,12,26,29.8,2026-06-01,0,90,-13.4,2026-02-07,505.0,22.0,49.5
31662,0,0,0,7,33,28.7,2026-06-01,0,92,-12.8,2026-01-26,625.5,48.0,121.0
31671,--,--,--,--,--,--,--,--,--,--,--,287.5,37.5,65.0
31721,0,0,4,16,14,32.9,2026-06-01,0,83,-12.0,2026-01-26,277.5,25.0,47.5
32056,0,0,0,5,7,28.1,2026-06-03,0,43,-6.0,2026-02-07,548.0,29.5,68.0
32071,--,--,--,--,--,--,--,--,--,--,--,744.0,45.0,108.0
32091,--,--,--,--,--,--,--,--,--,--,--,842.0,38.0,102.5
32096,--,--,--,--,--,--,--,--,--,--,--,574.5,24.5,96.5
32111,0,0,0,12,9,28.9,2026-06-02,0,53,-6.0,2026-02-07,562.0,25.5,63.0
32126,0,0,4,16,16,31.0,2026-05-27,0,76,-11.0,2026-01-25,692.0,23.0,66.5
32136,0,0,2,15,18,30.7,2026-06-01,0,84,-13.8,2026-01-25,736.5,23.5,65.5
32146,0,0,0,14,28,29.6,2026-06-01,0,84,-14.0,2026-01-03,510.0,17.0,65.5
32181,0,0,0,12,21,29.5,2026-05-27,0,87,-9.8,2026-01-02,569.5,21.5,60.5
32206,0,0,1,12,27,30.1,2026-06-01,0,79,-11.7,2026-01-03,524.5,14.0,52.0
32266,0,0,0,5,38,28.3,2026-06-01,0,97,-12.5,2026-02-07,799.5,16.5,56.5
32276,--,--,--,--,--,--,--,--,--,--,--,532.5,27.0,49.5
32286,0,0,0,8,8,29.7,2026-05-27,0,71,-7.6,2026-01-31,572.5,30.0,53.5
32287,0,0,0,8,7,28.1,2026-05-27,0,63,-10.9,2026-01-03,557.5,21.5,58.5
32296,0,0,1,12,14,30.5,2026-05-27,0,70,-8.7,2026-01-26,555.5,21.0,55.0
32311,0,0,1,15,22,30.3,2026-06-01,0,82,-9.4,2026-01-25,879.0,19.0,67.0
32312,--,--,--,--,--,--,--,--,--,--,--,851.5,20.0,62.0
32376,--,--,--,--,--,--,--,--,--,--,--,902.0,29.5,118.5
32402,0,0,1,12,5,30.0,2026-05-27,0,47,-6.4,2026-01-03,585.0,25.0,65.0
32407,0,0,1,12,17,30.4,2026-05-27,0,81,-10.8,2026-01-26,739.5,32.0,82.0
32408,--,--,--,--,--,--,--,--,--,--,--,728.0,28.0,79.0
32426,--,--,--,--,--,--,--,--,--,--,--,836.0,35.5,99.5
32451,0,0,1,13,13,30.1,2026-05-27,0,68,-7.5,2026-02-07,705.0,31.5,73.0
32466,0,0,4,18,18,31.8,2026-06-01,0,76,-12.0,2026-01-26,884.5,26.0,74.5
32476,0,0,1,11,27,30.0,2026-06-01,0,85,-11.4,2026-01-20,743.0,28.0,60.0
32496,0,0,1,13,8,30.4,2026-06-01,0,76,-7.1,2026-02-08,721.5,29.0,67.0
32551,0,0,3,19,17,30.6,2026-05-27,0,73,-10.7,2026-01-26,621.0,15.0,53.0
32571,0,0,0,10,6,29.5,2026-05-27,0,55,-6.0,2026-01-03,550.5,21.0,62.5
32581,0,0,3,16,13,31.6,2026-06-01,0,82,-8.5,2026-02-21,783.5,11.5,42.0
32596,0,0,4,22,14,32.0,2026-05-27,0,68,-8.0,2026-01-07,578.5,20.0,52.0
32616,0,0,0,5,3,27.6,2026-06-02,0,35,-4.0,2026-01-25,492.5,15.0,32.0
32626,0,0,1,12,9,30.8,2026-06-01,0,65,-6.7,2026-01-03,733.5,6.5,33.5
32681,--,--,--,--,--,--,--,--,--,--,--,765.5,4.5,12.5
32691,0,0,2,19,15,30.6,2026-06-01,0,75,-11.6,2026-01-03,424.5,10.5,29.5
32701,--,--,--,--,--,--,--,--,--,--,--,601.0,14.5,27.5
32771,0,0,0,10,21,29.6,2026-06-01,0,78,-9.9,2026-01-26,616.0,15.5,29.5
33006,0,0,1,7,11,30.4,2026-06-02,0,80,-9.2,2026-01-07,243.5,37.5,50.5
33026,0,0,2,16,16,32.6,2026-06-01,0,86,-13.4,2026-01-07,226.0,19.5,34.5
33071,0,0,3,15,13,32.1,2026-06-01,0,81,-12.0,2026-01-26,259.5,21.0,38.0
33086,--,--,--,--,--,--,--,--,--,--,--,213.5,32.5,45.0
33136,0,0,3,13,19,31.3,2026-06-01,0,94,-11.9,2026-01-03,239.5,18.5,29.5
33146,0,0,1,8,6,30.5,2026-06-01,0,86,-11.5,2026-01-24,199.0,19.5,31.0
33166,0,0,1,12,27,30.9,2026-06-01,0,90,-16.4,2026-01-25,378.0,11.0,30.5
33176,0,0,0,11,33,29.7,2026-06-01,0,98,-17.1,2026-02-08,371.0,19.5,39.5
33186,0,0,1,12,27,30.1,2026-06-01,0,102,-16.3,2026-01-29,252.0,11.0,26.0
33201,--,--,--,--,--,--,--,--,--,--,--,171.5,31.0,41.0
33206,0,0,1,9,0,30.7,2026-06-01,0,85,-10.7,2026-02-08,210.0,28.5,36.5
33226,0,0,1,14,23,31.2,2026-06-01,0,89,-15.8,2026-01-29,241.0,8.0,15.5
33296,0,0,1,12,19,30.4,2026-06-01,0,87,-15.4,2026-01-21,385.0,21.5,31.0
33326,0,0,4,15,3,33.0,2026-06-01,0,80,-10.5,2026-01-24,174.5,15.5,22.5
33336,0,0,0,2,0,25.4,2026-05-30,0,73,-10.3,2026-02-08,258.0,35.0,48.0
33351,--,--,--,--,--,--,--,--,--,--,--,672.0,50.5,104.0
33361,--,--,--,--,--,--,--,--,--,--,--,508.0,42.5,71.0
33371,0,0,0,6,37,27.7,2026-06-01,0,113,-21.6,2026-01-26,472.5,30.5,47.0
33421,0,0,1,14,21,31.2,2026-06-01,0,86,-15.6,2026-01-02,519.5,30.5,45.5
33431,0,0,2,16,12,32.1,2026-06-01,0,73,-11.7,2026-01-21,397.5,26.0,39.5
33441,0,0,0,1,39,26.4,2026-06-01,0,108,-17.5,2026-01-26,489.5,42.0,64.0
33472,0,0,0,11,0,29.8,2026-05-27,0,72,-8.5,2026-02-08,242.5,30.5,41.5
33501,0,0,2,15,18,31.6,2026-06-01,0,79,-14.6,2026-01-26,455.5,30.0,40.0
33526,0,0,5,14,10,33.6,2026-06-01,0,70,-8.6,2026-01-24,318.5,29.0,34.5
33566,--,--,--,--,--,--,--,--,--,--,--,697.0,44.0,59.0
33576,0,0,4,18,10,32.5,2026-06-01,0,76,-15.1,2026-01-26,443.0,30.5,43.5
33581,0,0,2,15,13,31.7,2026-06-01,0,78,-13.8,2026-01-26,416.5,29.0,42.0
33611,--,--,--,--,--,--,--,--,--,--,--,334.0,47.0,53.0
33616,0,0,0,7,0,28.9,2026-06-01,0,79,-8.9,2026-02-08,361.5,69.5,76.0
33631,0,0,0,9,26,29.7,2026-06-01,0,87,-9.3,2026-01-31,753.0,18.0,41.0
33671,0,0,1,12,20,30.1,2026-06-01,0,88,-14.7,2026-01-03,313.5,29.5,42.0
33711,--,--,--,--,--,--,--,--,--,--,--,517.5,20.5,25.5
33716,0,0,4,19,11,33.3,2026-06-01,0,66,-9.3,2026-01-03,432.5,24.0,36.0
33726,--,--,--,--,--,--,--,--,--,--,--,350.0,27.0,39.5
33751,0,0,2,13,0,30.5,2026-05-31,0,49,-6.6,2026-02-08,478.5,87.0,92.5
33776,0,0,3,16,11,31.7,2026-06-01,0,75,-14.0,2026-01-24,399.5,34.5,44.5
33781,0,0,4,18,10,32.4,2026-06-01,0,72,-12.3,2026-01-26,384.0,33.0,44.5
33801,0,0,3,13,8,32.9,2026-06-01,0,75,-10.8,2026-01-26,427.0,72.0,84.5
33831,--,--,--,--,--,--,--,--,--,--,--,687.0,38.0,46.0
33841,--,--,--,--,--,--,--,--,--,--,--,378.0,33.5,41.0
33856,--,--,--,--,--,--,--,--,--,--,--,371.0,39.0,53.0
33877,0,0,1,4,2,30.7,2026-05-19,0,54,-6.4,2026-02-08,528.5,112.5,124.0
33911,0,0,6,20,2,33.9,2026-06-01,0,65,-8.8,2026-01-26,353.0,38.5,47.0
33921,0,0,2,18,6,31.5,2026-06-01,0,82,-13.6,2026-01-26,302.0,42.0,54.0
34012,0,0,1,7,10,30.0,2026-06-01,0,71,-9.8,2026-01-07,630.0,57.5,74.0
34026,0,0,2,4,2,31.7,2026-05-19,0,65,-8.2,2026-02-08,411.0,75.5,86.0
34056,--,--,--,--,--,--,--,--,--,--,--,371.5,49.5,57.5
34096,0,0,2,14,10,33.0,2026-06-01,0,74,-9.1,2026-01-26,589.5,61.5,74.5
34111,0,0,2,16,0,33.0,2026-06-01,0,81,-10.2,2026-02-08,365.5,55.0,62.5
34171,0,0,2,14,0,34.0,2026-06-01,0,78,-9.7,2026-01-09,305.5,54.0,58.5
34186,0,0,2,12,1,32.8,2026-06-01,0,69,-7.8,2026-01-25,373.0,68.5,75.0
34206,--,--,--,--,--,--,--,--,--,--,--,493.0,71.0,78.0
34216,0,0,3,15,6,32.7,2026-06-01,0,69,-10.5,2026-01-23,333.5,54.0,59.5
34241,--,--,--,--,--,--,--,--,--,--,--,441.0,81.0,88.0
34262,--,--,--,--,--,--,--,--,--,--,--,644.0,122.5,129.0
34266,0,0,2,16,3,33.7,2026-06-01,0,62,-7.6,2026-01-23,399.5,67.0,73.5
34276,0,0,1,8,2,31.2,2026-06-01,0,77,-9.9,2026-02-08,284.5,51.0,55.5
34292,0,0,0,4,1,28.5,2026-06-01,0,51,-6.2,2026-02-08,295.5,71.5,76.0
34296,0,0,1,6,1,31.8,2026-06-01,0,56,-6.5,2026-02-09,361.5,84.0,86.0
34311,0,0,2,10,11,31.3,2026-05-19,0,76,-10.9,2026-01-26,474.5,73.5,77.5
34331,0,0,1,7,3,30.8,2026-06-01,0,52,-6.0,2026-02-08,299.5,75.5,80.5
34392,0,0,1,11,0,30.3,2026-06-01,0,38,-6.0,2026-01-26,325.0,74.5,76.0
34436,0,0,1,6,0,30.0,2026-05-30,0,59,-7.8,2026-01-30,283.0,60.5,62.5
34461,0,0,2,20,0,33.0,2026-05-19,0,70,-6.9,2026-02-08,330.0,66.0,67.0
34462,0,0,2,19,0,32.9,2026-06-01,0,80,-7.7,2026-02-07,345.0,85.0,85.5
34471,0,0,0,7,0,28.8,2026-05-30,0,60,-7.7,2026-01-31,313.0,67.5,69.0
34506,0,0,2,18,0,33.7,2026-06-01,0,75,-9.9,2026-02-21,335.5,73.0,73.0
34526,--,--,--,--,--,--,--,--,--,--,--,440.5,128.5,128.5
35002,0,0,0,1,3,25.8,2026-05-27,0,30,-5.0,2026-02-07,432.0,15.5,32.0
35052,0,0,1,12,4,30.3,2026-05-27,0,40,-4.2,2026-01-26,607.0,9.0,47.0
35071,0,0,1,12,9,31.4,2026-06-01,0,77,-7.1,2026-02-21,960.0,16.0,47.0
35086,0,0,0,7,6,29.5,2026-05-27,0,51,-4.2,2026-01-25,555.5,9.5,41.5
35116,0,0,1,15,19,31.7,2026-06-01,0,78,-8.5,2026-01-25,827.0,16.0,35.0
35141,0,0,2,19,6,30.5,2026-05-27,0,44,-4.4,2026-01-25,746.5,14.0,49.5
35146,0,0,0,12,7,29.4,2026-05-27,0,52,-5.0,2026-01-25,680.0,18.0,50.5
35162,0,0,2,20,15,31.9,2026-06-01,0,70,-7.6,2026-02-21,763.0,21.0,34.5
35171,--,--,--,--,--,--,--,--,--,--,--,763.5,27.0,42.5
35176,0,0,4,15,19,31.8,2026-06-01,0,75,-7.2,2026-02-21,636.0,28.5,40.0
35201,--,--,--,--,--,--,--,--,--,--,--,889.5,12.5,43.5
35216,0,0,0,10,21,28.7,2026-06-01,0,86,-9.0,2026-02-07,1130.5,20.0,33.5
35231,0,0,1,16,17,31.5,2026-06-01,0,74,-10.0,2026-02-21,630.0,19.5,31.0
35246,0,0,0,6,0,27.1,2026-06-01,0,21,-3.0,2026-01-26,656.5,23.0,66.0
35256,--,--,--,--,--,--,--,--,--,--,--,880.0,0.0,0.0
35332,0,0,3,22,14,31.8,2026-06-01,0,74,-11.7,2026-01-26,459.5,33.5,38.5
35334,0,0,3,19,10,31.5,2026-05-18,0,78,-11.1,2026-01-26,347.5,25.5,28.0
35361,0,0,3,10,21,30.4,2026-05-19,0,94,-10.4,2026-02-21,1286.5,34.0,40.5
35376,0,0,3,20,9,32.1,2026-06-01,0,77,-7.6,2026-02-08,532.0,29.5,32.5
35426,0,0,5,22,5,33.6,2026-06-01,0,61,-6.9,2026-01-26,316.5,29.0,32.5
35456,0,0,3,18,8,32.0,2026-06-01,0,72,-10.6,2026-01-07,659.0,26.5,29.0
35466,--,--,--,--,--,--,--,--,--,--,--,404.0,31.5,37.0
35486,0,0,3,22,6,31.5,2026-06-01,0,80,-6.0,2026-02-20,1275.5,30.5,54.0
35511,0,0,4,17,14,32.2,2026-06-01,0,73,-9.4,2026-02-21,332.5,35.0,37.5
35537,--,--,--,--,--,--,--,--,--,--,--,900.5,43.5,45.0
35541,0,0,2,15,14,31.2,2026-06-01,0,79,-9.7,2026-02-07,923.5,42.5,44.5
35552,0,0,5,23,10,33.3,2026-06-01,0,73,-9.8,2026-02-21,542.5,41.0,42.0
36056,0,0,3,18,6,32.8,2026-06-01,0,70,-7.5,2026-01-07,397.5,60.5,60.5
36066,0,1,8,24,0,35.1,2026-05-19,0,69,-7.7,2026-02-21,299.0,52.0,52.0
36106,0,0,0,4,32,26.1,2026-05-19,0,96,-13.5,2026-02-20,575.0,40.5,46.5
36127,0,1,8,23,0,35.0,2026-05-19,0,48,-4.2,2026-01-29,314.5,42.0,42.0
36151,0,0,3,13,0,31.2,2026-06-01,0,65,-8.5,2026-02-09,365.5,87.0,87.0
36176,0,0,6,19,7,33.4,2026-06-01,0,78,-10.4,2026-01-28,481.5,28.5,29.5
36196,0,0,0,1,50,25.5,2026-05-18,0,91,-13.6,2026-02-08,755.0,139.0,143.5
36221,0,0,2,9,6,31.3,2026-05-19,0,83,-11.0,2026-01-22,384.0,93.5,93.5
36231,--,--,--,--,--,--,--,--,--,--,--,367.5,86.0,86.0
36251,0,0,4,22,8,32.0,2026-06-01,0,74,-9.7,2026-01-28,592.5,29.5,32.5
36276,0,0,0,10,26,29.7,2026-06-01,0,72,-9.7,2026-01-29,367.5,26.5,26.5
36291,0,0,5,19,1,33.0,2026-05-19,0,68,-6.8,2026-01-26,314.0,41.5,41.5
36307,--,--,--,--,--,--,--,--,--,--,--,369.5,91.0,91.0
36342,0,0,3,20,11,31.9,2026-06-01,0,79,-8.8,2026-01-10,647.5,34.0,37.0
36361,0,0,8,24,6,33.5,2026-06-01,0,64,-8.4,2026-01-29,331.5,28.0,29.5
36391,0,0,3,14,6,31.8,2026-06-01,0,71,-9.6,2026-02-09,341.0,59.5,59.5
36411,0,0,4,16,0,32.7,2026-05-19,0,63,-8.2,2026-01-31,427.5,124.5,124.5
36426,0,0,3,19,12,32.1,2026-05-18,0,83,-10.7,2026-01-10,875.0,34.0,46.0
36461,--,--,--,--,--,--,--,--,--,--,--,360.5,44.5,44.5
36476,0,0,5,16,1,33.4,2026-06-01,0,62,-8.7,2026-01-13,283.5,51.5,52.0
36501,0,0,4,13,2,32.7,2026-05-19,0,75,-9.5,2026-01-24,428.5,139.0,139.0
36511,--,--,--,--,--,--,--,--,--,--,--,456.0,126.0,126.0
36536,0,0,2,15,22,30.4,2026-05-18,0,85,-13.0,2026-01-28,547.0,29.0,32.0
36562,0,0,0,11,20,29.5,2026-06-01,0,83,-15.2,2026-01-29,429.0,60.0,60.0
36571,--,--,--,--,--,--,--,--,--,--,--,409.5,62.0,62.0
36581,0,0,2,13,3,31.6,2026-06-01,0,61,-8.1,2026-02-09,338.0,60.5,61.0
36591,0,0,4,16,3,33.0,2026-06-01,0,75,-8.8,2026-01-24,338.5,73.0,73.0
36611,0,0,0,7,0,28.2,2026-05-31,0,47,-5.5,2026-01-26,500.5,137.0,137.5
36641,0,0,3,13,15,31.0,2026-05-18,0,86,-14.9,2026-01-13,309.0,39.0,39.0
36667,0,0,3,13,4,32.2,2026-06-01,0,65,-7.5,2026-01-24,422.5,82.0,82.0
36676,0,0,6,23,2,33.9,2026-06-01,0,66,-7.5,2026-02-09,373.0,61.0,65.0
36716,0,0,0,5,28,28.3,2026-05-18,0,89,-14.8,2026-01-29,445.0,45.0,49.0
36726,--,--,--,--,--,--,--,--,--,--,--,417.5,42.5,44.0
36781,--,--,--,--,--,--,--,--,--,--,--,478.0,145.5,145.5
36821,0,0,4,17,1,33.0,2026-06-01,0,71,-12.3,2026-02-09,377.0,61.0,61.0
36836,0,0,1,16,0,32.3,2026-06-01,0,50,-7.0,2026-02-09,514.0,152.5,152.5
36846,0,0,1,6,0,30.9,2026-05-29,0,31,-4.4,2026-01-24,478.5,155.0,156.0
40041,--,--,--,--,--,--,--,--,--,--,--,650.5,166.0,166.5
40046,0,0,1,5,0,30.2,2026-05-29,0,55,-8.4,2026-02-01,574.5,145.5,145.5
40061,0,1,10,25,0,35.6,2026-06-01,0,69,-9.5,2026-02-01,424.0,87.5,87.5
40066,--,--,--,--,--,--,--,--,--,--,--,463.0,93.0,94.5
40076,--,--,--,--,--,--,--,--,--,--,--,596.0,146.5,148.5
40091,0,0,7,21,0,34.6,2026-06-01,0,59,-8.9,2026-01-23,450.5,107.0,108.5
40126,--,--,--,--,--,--,--,--,--,--,--,418.0,108.5,108.5
40136,0,0,1,7,0,30.7,2026-05-29,0,31,-4.0,2026-01-23,481.0,149.5,150.5
40181,--,--,--,--,--,--,--,--,--,--,--,354.0,86.0,86.5
40191,0,0,7,21,1,33.8,2026-06-01,0,59,-8.5,2026-02-09,446.5,116.0,116.5
40201,0,0,5,18,0,32.7,2026-06-01,0,43,-6.5,2026-01-31,491.0,150.5,150.5
40221,0,0,8,30,0,34.8,2026-06-01,0,40,-5.1,2026-01-24,399.5,106.0,106.0
40231,0,0,8,24,0,34.4,2026-06-01,0,56,-9.4,2026-02-09,403.0,107.0,108.0
40241,--,--,--,--,--,--,--,--,--,--,--,505.0,143.0,143.0
40251,--,--,--,--,--,--,--,--,--,--,--,503.0,147.5,147.5
40281,0,0,4,24,0,33.0,2026-06-01,0,51,-9.8,2026-02-09,429.0,122.0,122.0
40311,0,0,5,21,1,32.6,2026-06-01,0,50,-8.1,2026-02-09,663.0,183.0,183.0
40326,--,--,--,--,--,--,--,--,--,--,--,447.0,122.0,122.0
40336,0,0,4,25,1,32.7,2026-06-01,0,51,-8.5,2026-02-09,502.5,136.5,136.5
40341,0,0,7,23,0,33.5,2026-05-29,0,36,-5.1,2026-02-09,452.0,123.0,123.0
40391,--,--,--,--,--,--,--,--,--,--,--,549.0,107.5,107.5
40406,0,0,2,15,0,31.2,2026-06-01,0,27,-7.5,2026-02-09,772.5,145.0,145.0
40426,0,0,5,23,1,33.1,2026-06-01,0,48,-9.7,2026-02-09,530.5,109.0,109.0
41011,0,0,0,9,14,28.7,2026-06-01,0,80,-9.6,2026-01-28,515.5,73.0,73.5
41076,0,0,2,11,10,30.1,2026-06-01,0,72,-10.8,2026-01-13,408.0,93.0,93.0
41091,0,0,1,13,1,31.0,2026-06-01,0,68,-11.5,2026-01-13,452.0,72.0,72.0
41116,0,0,0,7,16,27.8,2026-06-01,0,95,-15.0,2026-01-24,410.5,88.5,88.5
41141,0,0,6,21,0,34.5,2026-06-01,0,65,-10.2,2026-01-13,462.0,94.5,94.5
41166,0,0,0,0,25,24.4,2026-06-01,0,83,-13.0,2026-02-08,554.0,134.0,134.0
41181,0,0,4,18,1,32.2,2026-06-01,0,65,-10.0,2026-01-23,480.0,118.0,118.0
41211,--,--,--,--,--,--,--,--,--,--,--,439.0,97.0,98.5
41241,--,--,--,--,--,--,--,--,--,--,--,431.5,100.0,100.0
41247,0,0,4,19,0,32.6,2026-06-01,0,65,-10.6,2026-01-23,416.5,94.5,94.5
41271,0,0,8,21,1,33.3,2026-06-01,0,62,-11.7,2026-02-09,498.0,127.0,127.0
41277,0,0,8,22,1,33.6,2026-06-01,0,50,-6.8,2026-02-09,473.5,117.5,117.5
41311,--,--,--,--,--,--,--,--,--,--,--,382.0,106.5,106.5
41331,0,0,7,20,1,33.2,2026-05-29,0,61,-10.2,2026-02-09,436.0,114.5,115.0
41356,--,--,--,--,--,--,--,--,--,--,--,308.5,87.5,87.5
41361,0,0,8,29,0,34.9,2026-06-01,0,48,-7.0,2026-01-23,326.5,88.0,88.0
41371,--,--,--,--,--,--,--,--,--,--,--,398.0,99.5,99.5
41376,0,0,8,28,0,33.9,2026-06-01,0,49,-7.2,2026-01-23,421.5,116.0,116.0
42046,0,0,1,12,23,30.4,2026-05-19,0,83,-13.7,2026-01-24,623.0,47.0,50.0
42091,0,0,3,13,10,31.9,2026-05-19,0,67,-9.8,2026-01-24,511.5,66.5,67.0
42106,--,--,--,--,--,--,--,--,--,--,--,324.0,64.5,64.5
42121,0,0,0,5,26,26.7,2026-05-18,0,83,-13.3,2026-02-08,495.5,116.0,118.5
42146,0,0,6,21,2,32.3,2026-06-01,0,75,-11.6,2026-02-10,323.5,66.0,66.0
42186,0,0,5,19,0,32.3,2026-06-01,0,70,-9.4,2026-01-23,348.5,85.5,85.5
42221,0,0,0,4,28,26.3,2026-05-18,0,88,-13.2,2026-01-22,475.0,120.0,122.0
42241,--,--,--,--,--,--,--,--,--,--,--,573.0,175.5,175.5
42251,0,0,8,27,0,34.5,2026-06-01,0,31,-4.7,2026-01-23,322.0,104.0,104.0
42261,--,--,--,--,--,--,--,--,--,--,--,365.5,92.5,92.5
42266,0,1,9,36,0,36.0,2026-06-01,0,49,-6.7,2026-01-23,320.0,99.0,99.0
42286,0,0,8,27,0,34.4,2026-06-01,0,56,-7.2,2026-01-22,344.5,101.5,101.5
42302,0,0,8,28,0,34.5,2026-06-01,0,39,-5.8,2026-01-24,332.5,100.5,100.5
42326,0,0,8,21,0,33.2,2026-06-01,0,62,-7.6,2026-01-23,297.0,107.5,107.5
42341,--,--,--,--,--,--,--,--,--,--,--,288.0,104.0,104.0
42366,0,0,8,30,0,34.7,2026-06-01,0,44,-6.1,2026-01-24,364.0,92.0,92.0
42396,0,0,8,19,1,31.9,2026-06-01,0,65,-7.6,2026-01-31,326.5,109.0,109.0
43051,0,0,8,26,0,33.9,2026-06-01,0,58,-7.5,2026-01-24,404.0,150.5,150.5
43056,0,1,9,30,0,35.1,2026-06-01,0,33,-6.1,2026-02-09,384.0,122.0,122.0
43091,--,--,--,--,--,--,--,--,--,--,--,313.0,104.5,104.5
43121,--,--,--,--,--,--,--,--,--,--,--,392.0,72.5,72.5
43126,0,0,9,29,0,34.5,2026-06-01,0,47,-7.9,2026-02-09,432.0,111.5,111.5
43151,--,--,--,--,--,--,--,--,--,--,--,513.0,147.5,147.5
43156,0,0,8,27,0,33.7,2026-06-01,0,59,-8.6,2026-01-23,395.0,149.0,149.0
43157,--,--,--,--,--,--,--,--,--,--,--,457.5,146.0,146.0
43162,--,--,--,--,--,--,--,--,--,--,--,538.0,175.5,175.5
43171,0,0,9,33,0,34.9,2026-06-01,0,52,-11.1,2026-02-09,466.0,154.5,154.5
43231,--,--,--,--,--,--,--,--,--,--,--,483.5,142.0,142.0
43241,0,0,8,27,0,34.3,2026-06-01,0,40,-7.9,2026-01-23,511.5,139.5,139.5
43256,0,0,8,26,1,34.1,2026-06-01,0,42,-5.9,2026-01-23,496.0,141.5,141.5
43266,0,0,6,29,0,33.8,2026-06-01,0,34,-6.0,2026-02-09,486.5,150.0,150.0
44046,0,0,1,13,1,30.6,2026-06-01,0,57,-7.8,2026-02-09,467.5,113.5,113.5
44051,--,--,--,--,--,--,--,--,--,--,--,457.0,130.0,130.0
44056,0,0,6,27,1,33.2,2026-06-01,0,48,-10.3,2026-02-09,481.5,139.0,139.0
44071,0,0,9,29,0,33.3,2026-06-01,0,27,-5.5,2026-02-09,505.5,166.5,166.5
44112,0,0,7,27,0,33.2,2026-06-01,0,50,-8.8,2026-02-09,501.0,154.0,154.0
44116,0,0,7,31,0,33.7,2026-05-29,0,35,-8.6,2026-02-09,563.0,177.5,177.5
44126,--,--,--,--,--,--,--,--,--,--,--,571.0,168.5,168.5
44132,0,0,4,26,0,31.8,2026-06-01,0,11,-3.2,2026-02-09,674.0,208.5,208.5
44136,0,0,1,22,0,31.3,2026-05-29,0,9,-3.3,2026-01-23,594.0,165.0,165.0
44166,0,0,2,20,0,31.1,2026-06-01,0,4,-3.8,2026-02-09,597.0,162.0,162.0
44172,0,0,0,11,0,28.4,2026-05-29,0,3,-2.5,2026-02-09,1266.0,256.0,257.5
44173,0,0,0,11,0,29.7,2026-05-29,0,3,-0.8,2026-02-08,962.0,230.0,230.0
44207,0,0,0,7,0,26.4,2026-05-18,0,3,-1.3,2026-02-10,964.0,176.5,183.5
44216,0,0,0,1,0,25.8,2026-05-30,0,0,0.8,2026-02-08,759.5,127.5,137.0
44226,0,0,0,6,0,25.8,2026-05-19,0,0,0.9,2026-02-08,1219.0,271.5,277.0
44228,0,0,0,13,0,27.9,2026-05-29,0,0,0.7,2026-02-08,1157.0,172.0,186.0
44262,0,0,0,8,0,26.6,2026-05-30,0,0,0.7,2026-02-09,1250.0,137.0,165.5
44263,0,0,0,7,0,26.6,2026-06-08,0,0,0.6,2026-02-09,1374.5,138.5,176.5
44301,0,0,1,49,0,30.3,2026-06-01,5,0,11.9,2026-01-27,721.0,41.0,112.0
44356,0,0,17,95,0,32.3,2026-06-06,10,0,15.0,2026-01-28,408.0,14.5,23.5
45061,0,0,7,28,0,33.6,2026-06-01,0,43,-5.7,2026-01-24,567.5,132.0,132.0
45081,0,0,4,17,1,31.5,2026-05-20,0,42,-11.3,2026-02-09,712.5,122.0,122.0
45086,--,--,--,--,--,--,--,--,--,--,--,693.5,126.0,126.0
45106,0,0,3,24,0,34.1,2026-06-01,0,20,-4.0,2026-01-23,602.5,138.0,138.0
45116,0,0,4,22,0,32.3,2026-06-01,0,43,-7.7,2026-02-09,615.5,118.0,120.0
45121,0,0,4,20,0,30.7,2026-05-19,0,42,-9.7,2026-02-09,646.0,142.5,143.0
45148,0,0,0,10,0,27.6,2026-06-01,0,6,-3.5,2026-02-09,744.0,131.5,132.5
45181,0,0,1,17,0,30.0,2026-05-29,0,34,-6.9,2026-02-09,647.5,133.0,133.5
45212,0,0,2,22,0,32.2,2026-05-29,0,5,-1.8,2026-02-08,579.5,130.0,154.5
45261,0,0,5,23,0,31.6,2026-05-29,0,32,-5.6,2026-01-23,652.5,145.5,160.5
45282,0,0,2,20,0,30.9,2026-05-29,0,13,-4.3,2026-01-23,584.5,111.0,115.0
45291,0,0,5,27,0,32.2,2026-05-29,0,45,-8.1,2026-01-23,641.5,123.5,135.0
45326,0,0,2,17,0,32.1,2026-05-29,0,49,-7.3,2026-02-09,753.0,147.0,155.5
45331,--,--,--,--,--,--,--,--,--,--,--,883.0,219.0,220.0
45346,--,--,--,--,--,--,--,--,--,--,--,614.0,110.5,110.5
45361,0,0,1,17,0,33.3,2026-05-29,0,16,-4.9,2026-02-09,699.5,122.5,124.0
45371,0,0,1,10,0,32.3,2026-05-29,0,4,-3.5,2026-02-09,782.5,147.0,149.0
45401,0,0,1,19,0,32.3,2026-05-29,0,17,-3.2,2026-01-30,831.5,151.5,151.5
46001,--,--,--,--,--,--,--,--,--,--,--,534.5,143.0,143.0
46046,--,--,--,--,--,--,--,--,--,--,--,561.0,173.5,173.5
46061,--,--,--,--,--,--,--,--,--,--,--,560.5,174.0,174.0
46076,--,--,--,--,--,--,--,--,--,--,--,799.5,124.5,126.5
46091,0,0,5,32,0,31.8,2026-05-17,0,33,-8.6,2026-02-09,676.5,179.5,179.5
46106,0,0,2,23,0,31.2,2026-06-01,0,3,-3.4,2026-02-09,705.0,197.5,197.5
46136,--,--,--,--,--,--,--,--,--,--,--,559.0,126.0,126.0
46141,0,0,1,20,0,30.5,2026-05-29,0,16,-5.4,2026-02-09,613.0,169.5,169.5
46161,--,--,--,--,--,--,--,--,--,--,--,1374.0,206.0,211.0
46166,0,0,4,26,0,32.3,2026-05-20,0,28,-7.9,2026-02-09,739.5,131.0,131.0
46211,0,0,1,17,0,30.1,2026-05-29,0,7,-2.9,2026-02-09,631.5,179.5,179.5
48031,0,0,0,11,15,29.9,2026-05-18,0,75,-9.9,2026-02-10,515.0,38.5,42.5
48061,0,0,0,9,17,29.1,2026-05-18,0,81,-13.4,2026-02-10,400.0,49.0,49.5
48066,0,0,5,23,7,31.8,2026-05-18,0,77,-15.2,2026-01-10,428.5,35.5,36.0
48097,--,--,--,--,--,--,--,--,--,--,--,723.0,49.5,51.0
48141,0,0,1,16,15,31.4,2026-05-18,0,79,-13.4,2026-01-07,546.5,63.5,63.5
48146,--,--,--,--,--,--,--,--,--,--,--,474.5,69.5,69.5
48156,0,0,6,24,3,32.9,2026-05-18,0,67,-7.6,2026-01-23,272.5,45.0,50.0
48172,--,--,--,--,--,--,--,--,--,--,--,391.5,69.0,74.0
48191,0,0,2,14,13,31.5,2026-05-18,0,81,-14.0,2026-01-09,421.0,77.0,77.0
48196,0,0,4,22,3,32.5,2026-05-18,0,79,-9.5,2026-02-08,331.0,77.0,78.5
48216,0,0,0,3,32,26.5,2026-05-18,0,104,-23.9,2026-01-23,350.0,62.5,64.5
48247,--,--,--,--,--,--,--,--,--,--,--,365.0,108.0,112.0
48256,0,0,8,27,2,34.0,2026-05-18,0,69,-10.7,2026-01-23,258.5,63.0,63.0
48296,0,0,5,27,4,32.8,2026-06-01,0,74,-9.7,2026-01-31,343.0,66.5,66.5
48321,0,0,0,10,7,29.2,2026-05-18,0,81,-13.9,2026-02-09,255.5,72.5,72.5
48331,0,0,0,7,7,27.5,2026-05-18,0,86,-14.9,2026-02-09,311.5,94.5,94.5
48346,--,--,--,--,--,--,--,--,--,--,--,812.0,77.5,89.0
48361,0,0,5,25,2,33.0,2026-05-18,0,69,-9.8,2026-01-26,305.5,66.0,66.0
48363,0,0,2,16,3,32.2,2026-05-18,0,82,-14.2,2026-02-09,310.5,70.5,70.5
48371,--,--,--,--,--,--,--,--,--,--,--,376.0,82.5,86.0
48381,0,0,3,15,5,32.0,2026-05-18,0,83,-17.5,2026-02-09,296.0,79.0,81.5
48386,0,0,3,17,2,32.5,2026-05-18,0,76,-13.3,2026-01-23,233.5,69.5,69.5
48436,--,--,--,--,--,--,--,--,--,--,--,554.0,75.5,75.5
48466,0,0,2,10,13,30.4,2026-05-18,0,90,-14.2,2026-01-09,580.0,77.0,77.0
48491,0,0,0,14,4,29.6,2026-05-18,0,68,-11.7,2026-02-09,391.0,62.5,62.5
48516,--,--,--,--,--,--,--,--,--,--,--,288.0,88.5,88.5
48531,0,0,0,7,27,28.6,2026-05-19,0,100,-15.5,2026-02-10,691.0,76.5,77.0
48546,0,0,3,19,5,30.5,2026-05-19,0,72,-12.2,2026-02-09,431.0,72.0,72.0
48556,--,--,--,--,--,--,--,--,--,--,--,443.0,73.0,73.0
48561,0,0,0,10,6,28.6,2026-05-19,0,82,-15.1,2026-02-08,421.5,69.5,69.5
48571,0,0,0,1,18,25.1,2026-05-19,0,95,-19.2,2026-02-09,478.0,85.0,85.0
48601,--,--,--,--,--,--,--,--,--,--,--,1123.0,117.0,119.0
48606,0,0,1,16,5,30.2,2026-06-01,0,80,-12.2,2026-02-08,609.0,84.0,84.0
48621,0,0,3,23,2,31.2,2026-05-19,0,71,-11.0,2026-02-09,508.0,57.5,58.0
48681,--,--,--,--,--,--,--,--,--,--,--,837.5,68.0,69.5
48691,--,--,--,--,--,--,--,--,--,--,--,598.0,62.5,62.5
48716,--,--,--,--,--,--,--,--,--,--,--,716.5,79.5,79.5
48717,0,0,0,19,3,29.3,2026-05-18,0,67,-11.2,2026-02-09,911.0,96.0,96.0
48731,0,0,1,17,4,30.3,2026-06-01,0,69,-11.7,2026-02-09,676.0,74.5,74.5
48737,--,--,--,--,--,--,--,--,--,--,--,581.5,77.5,77.5
48767,0,0,5,24,1,31.6,2026-05-17,0,62,-9.2,2026-02-09,682.5,84.5,84.5
48826,0,0,0,8,6,27.4,2026-06-01,0,85,-15.7,2026-02-09,1030.5,135.0,135.0
48836,--,--,--,--,--,--,--,--,--,--,--,760.0,120.5,120.5
48841,0,0,7,30,0,31.9,2026-06-01,0,63,-8.6,2026-02-09,709.0,95.0,95.0
49036,0,0,0,12,2,29.1,2026-05-17,0,69,-10.5,2026-02-08,405.0,86.5,86.5
49052,--,--,--,--,--,--,--,--,--,--,--,438.0,81.5,81.5
49086,0,0,6,34,0,31.7,2026-06-01,0,52,-9.5,2026-02-09,373.5,93.0,93.0
49142,0,0,10,41,0,33.3,2026-05-29,0,41,-6.8,2026-01-23,353.0,91.0,91.0
49151,0,0,9,32,0,33.0,2026-05-29,0,51,-9.1,2026-02-09,311.5,78.0,78.0
49161,0,0,8,31,1,32.7,2026-06-01,0,57,-9.5,2026-02-09,408.0,102.5,102.5
49196,0,0,4,21,1,31.7,2026-05-29,0,62,-10.2,2026-02-09,513.5,118.5,118.5
49236,0,0,5,33,0,33.2,2026-05-29,0,48,-8.7,2026-02-09,552.5,138.0,138.0
49251,0,0,0,9,1,29.2,2026-05-29,0,69,-11.3,2026-01-23,551.0,146.0,146.0
49256,0,0,0,8,2,27.9,2026-05-29,0,78,-13.8,2026-01-23,870.0,179.5,179.5
49316,0,0,5,34,0,32.0,2026-05-29,0,37,-6.5,2026-02-09,929.5,195.5,198.5
50056,--,--,--,--,--,--,--,--,--,--,--,858.0,150.0,151.0
50066,0,0,0,0,128,10.1,2026-05-26,0,148,-34.2,2026-02-08,--,--,--
50106,0,0,0,9,0,28.6,2026-05-29,0,63,-9.7,2026-02-09,1166.0,188.0,192.0
50136,0,0,0,12,1,28.2,2026-05-29,0,49,-10.2,2026-02-09,976.0,113.0,118.5
50196,0,0,2,21,0,30.9,2026-05-29,0,16,-4.6,2026-02-09,955.0,138.5,140.0
50206,0,0,2,34,0,32.4,2026-05-29,0,25,-7.0,2026-02-09,795.0,106.5,108.0
50226,0,0,6,26,0,32.6,2026-05-18,0,52,-8.0,2026-02-09,864.0,131.0,131.5
50241,0,0,5,26,0,33.5,2026-05-29,0,56,-7.9,2026-02-09,1159.5,157.5,159.5
50247,--,--,--,--,--,--,--,--,--,--,--,1178.0,169.5,170.0
50261,0,0,0,25,0,29.7,2026-04-11,0,14,-5.2,2026-02-09,1071.0,195.5,198.0
50281,0,0,0,21,0,29.6,2026-05-29,0,2,-3.9,2026-02-09,855.5,216.5,216.5
50296,--,--,--,--,--,--,--,--,--,--,--,922.0,131.5,132.0
50317,--,--,--,--,--,--,--,--,--,--,--,1292.0,158.5,160.5
50331,0,0,2,22,0,31.1,2026-05-29,0,14,-3.9,2026-02-09,1060.5,164.0,166.5
50371,--,--,--,--,--,--,--,--,--,--,--,839.5,146.5,146.5
50386,0,0,4,26,0,32.5,2026-05-29,0,21,-2.9,2026-01-24,906.5,115.5,116.5
50391,--,--,--,--,--,--,--,--,--,--,--,978.5,104.0,105.5
50416,--,--,--,--,--,--,--,--,--,--,--,908.5,172.5,173.0
50426,--,--,--,--,--,--,--,--,--,--,--,1171.5,262.5,262.5
50427,--,--,--,--,--,--,--,--,--,--,--,1978.5,456.0,461.5
50456,0,0,1,23,0,30.9,2026-05-29,0,11,-2.9,2026-01-24,934.5,167.5,173.0
50466,--,--,--,--,--,--,--,--,--,--,--,907.0,133.0,133.5
50476,0,0,1,15,0,32.3,2026-05-29,0,31,-5.2,2026-02-08,1034.0,172.5,174.0
50477,0,0,1,21,0,33.1,2026-05-29,0,22,-3.5,2026-02-09,1017.5,169.0,171.5
50491,0,0,1,18,0,31.8,2026-05-29,0,20,-4.0,2026-02-09,845.5,178.5,178.5
50506,0,0,2,13,0,30.2,2026-05-29,0,4,-3.1,2026-02-09,1087.0,293.5,295.0
50536,0,0,1,16,0,30.7,2026-05-29,0,13,-3.1,2026-02-10,786.5,141.5,144.0
50551,0,0,0,7,0,26.6,2026-05-29,0,4,-2.0,2026-02-09,1018.5,297.0,300.5
50561,0,0,0,7,0,27.0,2026-05-30,0,1,-1.0,2026-02-09,786.0,208.0,208.0
51011,--,--,--,--,--,--,--,--,--,--,--,608.0,131.0,131.0
51031,0,0,5,30,0,31.4,2026-05-30,0,38,-5.3,2026-02-09,596.0,151.5,151.5
51056,--,--,--,--,--,--,--,--,--,--,--,636.0,91.0,91.0
51071,0,0,0,15,2,29.2,2026-06-01,0,74,-8.7,2026-02-09,754.5,120.0,121.5
51077,--,--,--,--,--,--,--,--,--,--,--,1126.0,143.0,147.0
51096,--,--,--,--,--,--,--,--,--,--,--,566.0,146.5,146.5
51106,0,0,6,30,0,31.6,2026-05-18,0,22,-3.6,2026-02-09,624.5,144.5,144.5
51116,0,0,9,32,0,32.4,2026-05-31,0,50,-7.1,2026-02-09,561.0,88.5,88.5
51192,--,--,--,--,--,--,--,--,--,--,--,855.0,140.5,141.5
51216,0,0,4,28,0,31.2,2026-05-30,0,24,-4.2,2026-02-09,607.0,136.0,136.0
51226,0,0,3,24,0,30.6,2026-05-31,0,47,-5.2,2026-02-04,571.0,108.0,108.0
51241,--,--,--,--,--,--,--,--,--,--,--,961.0,164.0,164.5
51247,0,0,2,23,0,30.7,2026-05-18,0,47,-5.7,2026-02-04,783.5,123.0,123.0
51261,0,0,0,14,0,29.1,2026-05-17,0,7,-2.2,2026-02-08,556.0,148.5,149.0
51271,--,--,--,--,--,--,--,--,--,--,--,541.0,125.5,127.0
51281,0,0,0,21,0,29.8,2026-05-18,0,19,-4.1,2026-02-09,601.0,115.5,115.5
51311,0,0,0,17,0,29.8,2026-05-17,0,16,-2.5,2026-02-04,530.5,144.0,147.5
51331,0,0,0,19,0,28.4,2026-05-17,0,18,-3.1,2026-02-10,610.5,127.0,127.5
51346,0,0,0,16,0,29.4,2026-05-17,0,5,-0.9,2026-02-08,646.5,202.0,206.0
51356,--,--,--,--,--,--,--,--,--,--,--,596.0,131.0,135.5
52041,0,0,2,17,13,32.0,2026-05-18,0,73,-11.4,2026-02-10,707.5,61.5,62.5
52051,0,0,6,26,6,34.1,2026-05-18,0,70,-11.6,2026-02-10,581.5,61.5,65.0
52081,0,0,3,15,9,32.1,2026-05-18,0,72,-12.0,2026-02-10,911.5,49.0,49.5
52111,0,0,1,15,13,30.4,2026-05-18,0,79,-11.2,2026-02-08,337.5,61.0,66.0
52131,--,--,--,--,--,--,--,--,--,--,--,912.5,66.0,67.0
52137,--,--,--,--,--,--,--,--,--,--,--,760.0,70.5,71.0
52146,0,0,6,25,5,32.3,2026-05-19,0,71,-10.0,2026-02-10,559.5,66.0,66.5
52152,--,--,--,--,--,--,--,--,--,--,--,558.5,57.5,58.5
52173,--,--,--,--,--,--,--,--,--,--,--,1106.5,84.5,86.0
52181,0,0,0,4,28,26.6,2026-05-19,0,101,-18.5,2026-02-04,881.0,83.0,83.5
52192,--,--,--,--,--,--,--,--,--,--,--,740.5,86.0,88.5
52196,0,0,0,9,23,27.9,2026-05-19,0,90,-15.4,2026-02-10,639.0,90.0,92.5
52221,0,0,1,16,6,30.1,2026-05-17,0,71,-8.3,2026-02-04,1025.5,86.0,88.0
52286,0,0,8,24,3,31.9,2026-05-17,0,59,-7.5,2026-01-12,768.5,92.0,92.0
52321,--,--,--,--,--,--,--,--,--,--,--,1030.5,111.5,111.5
52331,0,0,8,26,1,32.6,2026-05-17,0,64,-7.0,2026-01-26,931.5,105.0,105.0
52346,0,0,1,18,2,30.5,2026-05-17,0,69,-8.0,2026-02-10,835.5,81.5,81.5
52381,0,0,2,20,0,30.8,2026-05-30,0,58,-5.5,2026-02-04,1156.0,133.0,133.0
52406,0,0,7,30,0,32.2,2026-05-18,0,60,-6.6,2026-02-09,861.0,96.5,96.5
52421,--,--,--,--,--,--,--,--,--,--,--,790.0,85.0,85.0
52461,0,0,9,33,0,32.5,2026-05-18,0,47,-4.9,2026-02-09,904.0,97.0,97.0
52476,--,--,--,--,--,--,--,--,--,--,--,691.0,81.0,81.0
52482,0,0,0,15,1,29.0,2026-06-01,0,73,-9.2,2026-02-09,832.5,93.5,93.5
52511,0,0,7,33,0,32.6,2026-05-30,0,41,-5.0,2026-01-30,1051.5,125.5,125.5
52536,0,0,9,28,0,32.1,2026-05-17,0,48,-5.6,2026-02-09,715.0,117.0,117.0
52556,0,0,6,27,0,30.6,2026-05-18,0,67,-10.1,2026-02-09,660.5,87.5,87.5
52557,0,0,3,25,0,30.0,2026-05-18,0,68,-10.7,2026-02-09,662.0,80.5,80.5
52571,0,0,4,22,1,30.6,2026-05-31,0,36,-3.7,2026-02-08,727.0,122.0,122.0
52581,0,0,6,29,0,32.2,2026-05-31,0,25,-4.0,2026-02-09,699.0,145.5,145.5
52586,0,0,8,30,0,32.1,2026-05-18,0,23,-4.2,2026-02-09,732.0,128.0,128.0
52606,0,0,10,34,0,32.6,2026-05-18,0,55,-7.0,2026-02-09,660.5,129.0,129.0
53016,--,--,--,--,--,--,--,--,--,--,--,681.5,148.0,149.0
53041,0,0,2,30,0,30.9,2026-05-17,0,14,-2.8,2026-02-09,643.5,166.5,167.5
53061,0,0,0,21,0,29.9,2026-05-17,0,41,-3.5,2026-02-04,743.5,239.0,245.5
53091,0,0,3,21,0,30.6,2026-05-30,0,45,-4.8,2026-02-04,725.0,224.0,232.0
53112,0,0,6,23,0,32.6,2026-05-18,0,51,-5.0,2026-02-04,535.0,148.5,151.0
53121,--,--,--,--,--,--,--,--,--,--,--,1011.0,389.0,413.5
53133,0,0,1,19,0,31.0,2026-05-17,0,8,-2.6,2026-02-08,673.0,249.0,260.0
53141,--,--,--,--,--,--,--,--,--,--,--,529.5,163.5,167.5
53151,--,--,--,--,--,--,--,--,--,--,--,811.5,383.0,392.0
53196,0,0,3,23,0,30.9,2026-05-18,0,39,-4.2,2026-02-01,681.5,271.0,278.5
53231,0,0,3,25,0,32.7,2026-05-17,0,53,-6.0,2026-02-04,839.5,377.0,395.0
53257,0,0,0,19,0,29.8,2026-05-17,0,22,-3.1,2026-01-23,922.5,308.0,332.5
53287,--,--,--,--,--,--,--,--,--,--,--,1092.5,444.5,475.0
53296,0,0,0,20,0,29.8,2026-05-30,0,23,-2.3,2026-01-12,899.0,347.5,365.5
53307,--,--,--,--,--,--,--,--,--,--,--,876.5,308.5,325.0
53321,--,--,--,--,--,--,--,--,--,--,--,1352.0,581.0,630.0
53326,0,0,1,23,0,30.5,2026-05-29,0,37,-3.0,2026-02-01,1140.5,421.5,450.0
53378,0,0,2,22,0,31.1,2026-05-29,0,12,-1.7,2026-01-21,1991.5,772.5,806.0
53401,0,0,2,21,0,30.9,2026-05-29,0,9,-1.9,2026-01-23,1357.5,566.5,582.0
53416,--,--,--,--,--,--,--,--,--,--,--,1450.5,596.0,620.0
54012,0,0,0,10,1,29.6,2026-06-01,0,24,-3.2,2026-01-25,632.5,18.5,44.5
54041,0,0,0,4,1,27.9,2026-05-19,0,29,-3.8,2026-01-25,706.5,14.5,38.0
54056,--,--,--,--,--,--,--,--,--,--,--,1259.0,30.0,70.0
54086,0,0,3,16,1,32.0,2026-06-01,0,50,-3.6,2026-01-26,781.0,26.5,59.5
54097,--,--,--,--,--,--,--,--,--,--,--,1092.5,22.0,77.5
54157,0,0,0,9,0,28.1,2026-06-01,0,17,-4.2,2026-02-08,634.0,17.5,39.5
54166,0,0,0,7,1,28.5,2026-06-01,0,38,-4.4,2026-02-08,771.0,17.5,27.0
54181,0,0,0,15,1,29.4,2026-05-31,0,41,-4.6,2026-01-27,777.0,33.0,55.5
54191,0,0,3,18,3,31.6,2026-06-01,0,61,-6.3,2026-01-07,1059.5,34.0,70.5
54232,0,0,2,16,0,30.3,2026-06-01,0,30,-3.3,2026-01-27,644.0,31.0,44.5
54236,0,0,0,13,0,29.6,2026-06-01,0,23,-2.9,2026-01-22,559.0,22.5,34.0
54271,0,0,2,15,0,30.4,2026-05-27,0,33,-4.2,2026-02-08,670.5,26.0,49.5
54296,0,0,6,26,3,34.7,2026-06-01,0,54,-10.7,2026-01-26,611.5,31.0,43.0
54311,--,--,--,--,--,--,--,--,--,--,--,1348.5,48.0,85.0
54341,0,0,2,16,1,31.1,2026-05-19,0,47,-6.2,2026-01-26,661.5,31.5,47.5
54387,0,0,0,16,1,29.4,2026-06-05,0,39,-3.5,2026-02-08,695.5,36.0,51.5
54396,0,0,6,27,1,33.5,2026-06-01,0,47,-4.0,2026-02-08,783.0,35.5,53.5
54406,--,--,--,--,--,--,--,--,--,--,--,699.5,34.0,57.0
54421,0,0,3,25,6,32.2,2026-06-01,0,78,-6.9,2026-02-21,963.0,38.0,48.0
54462,--,--,--,--,--,--,--,--,--,--,--,1200.0,52.5,88.5
54472,--,--,--,--,--,--,--,--,--,--,--,1209.0,37.5,45.5
54501,0,0,7,25,4,33.1,2026-06-01,0,48,-4.4,2026-02-08,968.5,36.0,52.0
54506,--,--,--,--,--,--,--,--,--,--,--,1090.5,32.5,52.0
54541,0,0,0,15,0,29.2,2026-06-05,0,49,-5.2,2026-01-27,1037.0,33.5,57.0
54566,0,0,3,19,13,31.9,2026-05-18,0,77,-8.1,2026-01-07,1358.0,31.0,45.0
54586,0,0,0,13,0,28.9,2026-05-19,0,40,-3.9,2026-01-27,1054.5,28.0,36.5
54606,--,--,--,--,--,--,--,--,--,--,--,1373.0,32.5,48.0
54616,0,0,5,26,5,32.9,2026-05-18,0,62,-8.6,2026-02-20,1276.5,34.5,50.5
54621,--,--,--,--,--,--,--,--,--,--,--,1337.0,32.5,55.5
54651,0,0,2,20,2,30.7,2026-06-05,0,49,-4.1,2026-02-10,1298.5,42.5,53.0
54661,0,0,2,18,6,31.1,2026-06-01,0,72,-8.1,2026-02-10,1343.5,46.5,54.5
54666,--,--,--,--,--,--,--,--,--,--,--,1597.0,31.0,61.0
54671,--,--,--,--,--,--,--,--,--,--,--,1237.5,29.0,44.0
54676,0,0,4,21,8,32.2,2026-05-18,0,71,-8.0,2026-02-04,1285.0,38.0,46.5
54711,0,0,0,10,1,28.3,2026-06-05,0,27,-3.7,2026-02-08,993.5,22.0,32.5
54721,0,0,0,13,2,29.2,2026-05-31,0,42,-4.4,2026-02-10,1333.0,30.5,49.5
54737,--,--,--,--,--,--,--,--,--,--,--,1149.5,45.0,48.5
54761,--,--,--,--,--,--,--,--,--,--,--,885.5,35.5,43.5
54816,0,0,1,12,11,30.1,2026-06-01,0,58,-7.1,2026-01-29,740.0,50.0,55.0
54836,0,0,1,10,18,30.2,2026-05-18,0,72,-9.6,2026-02-20,623.5,37.5,49.5
54841,0,0,4,19,9,32.9,2026-05-18,0,65,-7.8,2026-02-20,842.0,31.5,41.5
54876,--,--,--,--,--,--,--,--,--,--,--,883.5,32.0,35.0
54892,--,--,--,--,--,--,--,--,--,--,--,604.5,51.0,56.0
55022,0,0,2,16,2,30.6,2026-05-31,0,35,-5.5,2026-02-08,1063.5,27.5,59.5
55041,0,0,2,15,1,31.2,2026-05-31,0,58,-10.8,2026-02-10,691.5,35.0,41.5
55056,0,0,1,18,1,30.4,2026-05-31,0,31,-5.3,2026-02-08,896.0,33.0,63.5
55063,--,--,--,--,--,--,--,--,--,--,--,1482.5,36.0,120.5
55091,0,0,2,13,2,31.9,2026-05-31,0,35,-5.8,2026-02-08,749.5,33.5,38.0
55102,0,0,4,24,2,32.3,2026-05-31,0,30,-5.9,2026-02-08,762.5,32.5,36.0
55141,0,0,3,18,3,31.5,2026-06-01,0,42,-8.1,2026-02-08,755.5,34.5,39.5
55151,0,0,5,25,3,32.1,2026-05-31,0,36,-7.6,2026-02-08,597.5,29.0,33.5
55156,--,--,--,--,--,--,--,--,--,--,--,749.5,38.0,47.5
55166,0,0,0,10,8,28.9,2026-05-31,0,69,-10.1,2026-01-26,1225.5,52.0,109.0
55191,0,0,4,18,4,30.4,2026-05-31,0,50,-9.1,2026-02-10,886.0,37.5,44.5
55206,0,0,6,23,3,31.6,2026-05-19,0,52,-9.2,2026-02-08,840.0,40.0,46.0
55217,--,--,--,--,--,--,--,--,--,--,--,1019.0,67.5,102.0
55252,--,--,--,--,--,--,--,--,--,--,--,1065.5,53.0,57.0
55267,--,--,--,--,--,--,--,--,--,--,--,734.5,39.0,46.5
56036,0,0,0,13,1,29.2,2026-05-31,0,54,-5.9,2026-02-10,759.0,22.5,26.0
56052,0,0,2,16,0,31.0,2026-05-31,0,35,-3.7,2026-02-08,801.5,30.5,45.0
56081,--,--,--,--,--,--,--,--,--,--,--,516.5,18.5,27.0
56093,0,0,0,11,6,29.7,2026-06-01,0,64,-8.1,2026-02-10,773.0,25.5,32.0
56116,0,0,0,17,0,28.2,2026-05-18,0,43,-5.5,2026-02-20,555.5,16.0,26.0
56146,0,0,4,23,2,31.7,2026-05-19,0,45,-6.1,2026-02-08,687.0,36.5,47.5
56176,0,0,0,17,1,29.6,2026-05-31,0,32,-5.3,2026-02-08,738.0,29.0,51.5
56186,0,0,0,12,0,29.7,2026-05-31,0,37,-5.0,2026-02-08,820.0,38.5,56.5
56227,0,0,2,22,0,31.0,2026-05-31,0,21,-4.0,2026-02-08,872.0,47.5,79.0
56276,0,0,1,24,0,30.2,2026-05-31,0,31,-3.8,2026-02-10,784.0,33.0,58.5
56286,0,0,1,19,3,30.4,2026-05-19,0,55,-5.1,2026-01-26,1085.5,44.0,87.5
56301,0,0,3,25,1,33.6,2026-05-18,0,38,-3.7,2026-02-08,970.0,43.5,68.0
56346,--,--,--,--,--,--,--,--,--,--,--,1029.0,42.0,50.0
57001,0,0,2,19,0,32.2,2026-05-18,0,34,-3.2,2026-02-08,694.5,37.5,54.0
57026,0,0,5,24,0,34.1,2026-05-18,0,28,-3.7,2026-02-09,674.5,40.0,54.5
57051,0,0,2,16,0,33.4,2026-05-18,0,9,-2.1,2026-02-08,835.5,47.0,86.0
57066,0,0,6,26,0,33.9,2026-05-18,0,25,-3.3,2026-02-08,860.5,49.0,59.0
57071,--,--,--,--,--,--,--,--,--,--,--,982.0,60.0,81.5
57082,0,0,4,19,4,32.7,2026-05-18,0,60,-7.1,2026-02-10,809.0,44.0,50.5
57106,--,--,--,--,--,--,--,--,--,--,--,897.5,56.0,65.5
57121,0,0,5,23,3,32.2,2026-05-18,0,63,-9.8,2026-02-10,742.0,51.0,57.0
57176,--,--,--,--,--,--,--,--,--,--,--,969.0,82.0,91.0
57206,0,0,4,21,2,32.4,2026-05-18,0,60,-4.7,2026-02-09,1034.5,63.5,79.5
57248,0,0,5,21,0,32.5,2026-05-18,0,12,-1.8,2026-02-08,966.5,85.5,104.0
57286,0,0,3,19,0,33.8,2026-05-18,0,24,-2.5,2026-02-20,888.5,77.0,89.5
57311,--,--,--,--,--,--,--,--,--,--,--,691.0,85.0,93.0
57317,0,0,7,25,0,34.5,2026-05-18,0,36,-5.5,2026-01-24,722.0,97.0,105.0
60026,--,--,--,--,--,--,--,--,--,--,--,1140.5,92.5,111.0
60051,0,0,0,16,0,29.8,2026-06-01,0,40,-5.8,2026-01-24,677.0,121.0,121.0
60061,0,0,4,23,1,31.4,2026-06-01,0,52,-4.4,2026-02-04,596.0,73.0,73.0
60081,--,--,--,--,--,--,--,--,--,--,--,893.5,189.5,199.5
60102,0,0,0,14,1,29.9,2026-05-18,0,57,-5.7,2026-01-26,492.0,78.5,78.5
60116,0,0,2,21,0,30.8,2026-06-01,0,32,-2.9,2026-01-27,663.5,137.0,137.5
60131,0,0,3,21,0,32.3,2026-06-01,0,25,-2.5,2026-02-08,528.5,113.5,113.5
60161,--,--,--,--,--,--,--,--,--,--,--,511.5,124.0,125.0
60196,0,0,6,24,1,32.9,2026-05-18,0,54,-6.4,2026-01-23,548.5,126.5,127.5
60216,0,0,6,28,0,32.8,2026-05-18,0,33,-3.4,2026-02-04,590.5,171.5,179.0
60226,0,0,4,19,0,32.0,2026-05-18,0,76,-8.4,2026-02-04,586.0,150.5,156.5
60236,0,0,3,16,0,30.2,2026-05-18,0,61,-6.0,2026-01-23,519.0,131.0,135.5
61001,0,0,2,14,0,32.4,2026-06-01,0,7,-1.8,2026-01-22,574.0,41.5,48.0
61031,--,--,--,--,--,--,--,--,--,--,--,767.0,61.0,67.5
61076,0,0,4,22,0,34.6,2026-05-18,0,25,-3.3,2026-02-09,700.0,76.0,79.0
61111,0,0,9,26,0,34.4,2026-05-18,0,36,-4.8,2026-01-23,684.0,91.5,94.0
61151,--,--,--,--,--,--,--,--,--,--,--,657.5,93.5,98.0
61187,0,0,9,33,0,34.0,2026-05-18,0,42,-6.8,2026-02-09,572.0,109.0,113.5
61192,--,--,--,--,--,--,--,--,--,--,--,577.5,114.0,120.5
61201,--,--,--,--,--,--,--,--,--,--,--,577.5,104.0,105.5
61206,0,0,7,22,0,32.7,2026-05-18,0,54,-8.1,2026-01-24,589.0,105.5,108.0
61241,--,--,--,--,--,--,--,--,--,--,--,485.0,98.5,103.0
61242,0,0,8,25,0,33.0,2026-05-18,0,63,-7.9,2026-01-23,504.5,110.0,116.5
61251,--,--,--,--,--,--,--,--,--,--,--,515.0,101.5,105.0
61286,0,0,11,35,0,34.0,2026-05-18,0,14,-2.7,2026-02-08,538.0,125.0,132.5
61306,--,--,--,--,--,--,--,--,--,--,--,574.5,153.0,168.0
61326,0,0,10,33,0,33.8,2026-05-18,0,53,-5.7,2026-02-04,487.5,106.0,113.0
62016,0,0,3,20,0,30.9,2026-05-25,0,58,-7.3,2026-02-09,595.5,156.5,177.0
62037,--,--,--,--,--,--,--,--,--,--,--,569.0,153.0,162.0
62046,0,0,9,34,0,32.3,2026-05-18,0,28,-2.7,2026-02-01,510.0,125.0,132.0
62051,0,0,6,31,0,32.1,2026-05-18,0,36,-4.3,2026-02-09,520.0,124.0,136.5
62078,0,0,6,34,0,31.5,2026-05-18,0,5,-1.7,2026-02-09,484.0,104.5,117.5
62081,0,0,0,9,2,28.3,2026-05-18,0,53,-7.2,2026-02-08,644.0,137.5,158.5
62091,0,0,2,31,0,31.7,2026-05-24,0,20,-3.0,2026-02-10,477.0,116.0,135.0
62096,0,0,6,33,0,31.9,2026-05-18,0,11,-4.8,2026-02-09,453.0,109.5,125.0
62101,0,0,0,14,0,27.3,2026-05-29,0,1,-1.0,2026-02-10,423.0,111.5,118.0
62111,--,--,--,--,--,--,--,--,--,--,--,549.5,146.5,158.0
62131,0,0,0,27,0,29.6,2026-05-18,0,8,-1.5,2026-01-31,490.5,135.5,139.5
63016,0,0,1,19,0,31.3,2026-05-26,0,12,-2.4,2026-02-08,952.5,38.0,43.5
63032,--,--,--,--,--,--,--,--,--,--,--,853.5,47.0,58.5
63051,0,1,8,33,0,35.3,2026-05-18,0,33,-3.8,2026-02-10,821.5,68.5,71.0
63071,0,0,1,11,11,31.0,2026-05-18,0,55,-6.4,2026-02-08,812.5,64.5,74.0
63111,--,--,--,--,--,--,--,--,--,--,--,619.5,89.0,94.0
63116,--,--,--,--,--,--,--,--,--,--,--,721.0,82.0,87.5
63121,0,0,10,32,0,33.6,2026-05-18,0,54,-9.5,2026-01-23,621.0,92.0,101.0
63201,0,0,4,20,1,31.4,2026-05-31,0,56,-8.1,2026-01-23,855.0,126.0,146.0
63216,0,0,7,26,0,31.8,2026-05-18,0,51,-6.0,2026-02-09,639.5,120.5,132.5
63241,--,--,--,--,--,--,--,--,--,--,--,552.0,107.5,124.0
63251,0,0,5,24,0,31.8,2026-05-17,0,51,-5.4,2026-02-10,699.5,111.0,132.5
63321,0,0,9,29,0,32.6,2026-05-17,0,41,-4.8,2026-02-09,677.0,165.0,209.5
63331,0,0,7,26,0,31.8,2026-05-18,0,54,-5.6,2026-01-23,658.5,132.0,156.5
63346,--,--,--,--,--,--,--,--,--,--,--,661.5,139.5,156.5
63366,0,0,3,28,0,31.4,2026-05-18,0,59,-8.1,2026-01-25,548.0,159.5,185.5
63383,0,0,2,24,0,30.1,2026-05-18,0,35,-4.1,2026-01-23,585.5,172.5,201.5
63411,0,0,6,22,0,31.9,2026-05-18,0,60,-8.8,2026-02-09,505.0,127.0,143.0
63461,0,0,1,19,0,30.1,2026-05-18,0,41,-5.5,2026-02-09,577.0,152.0,177.5
63477,--,--,--,--,--,--,--,--,--,--,--,602.5,150.0,167.5
63491,0,0,0,17,0,28.0,2026-05-18,0,9,-1.9,2026-02-08,512.5,177.0,206.5
63496,0,0,0,17,0,29.3,2026-06-03,0,16,-2.1,2026-01-21,530.5,156.5,184.5
63517,0,0,0,19,0,28.9,2026-06-03,0,7,-2.1,2026-01-21,417.5,94.0,114.0
63518,0,0,1,24,0,30.8,2026-05-18,0,6,-1.8,2026-02-09,495.5,106.0,129.0
63551,0,0,4,28,0,31.9,2026-06-01,0,25,-4.4,2026-02-10,476.0,133.0,140.0
63571,0,0,1,23,0,31.4,2026-05-18,0,15,-2.3,2026-01-21,707.0,196.5,211.0
63588,0,0,0,27,0,29.9,2026-05-17,0,26,-3.5,2026-02-10,543.5,176.5,189.0
64036,0,0,9,33,0,33.5,2026-05-18,0,27,-3.4,2026-02-09,486.5,122.0,130.0
64041,0,0,2,13,0,30.9,2026-06-01,0,73,-9.3,2026-02-10,589.5,141.5,154.5
64056,--,--,--,--,--,--,--,--,--,--,--,477.5,113.0,128.0
64076,--,--,--,--,--,--,--,--,--,--,--,699.5,265.0,279.5
64091,--,--,--,--,--,--,--,--,--,--,--,537.0,119.5,136.5
64101,0,0,2,18,0,30.6,2026-05-18,0,67,-8.3,2026-02-10,614.0,140.0,170.5
64127,0,0,7,31,0,32.4,2026-05-18,0,55,-5.0,2026-02-10,549.0,147.0,166.5
64136,--,--,--,--,--,--,--,--,--,--,--,568.5,149.5,164.5
64161,--,--,--,--,--,--,--,--,--,--,--,700.5,226.5,262.0
64206,0,0,4,26,1,33.1,2026-05-17,0,53,-4.9,2026-02-04,885.0,315.0,331.0
64227,0,0,4,24,0,31.8,2026-05-17,0,45,-3.9,2026-02-04,804.0,231.0,236.5
65021,--,--,--,--,--,--,--,--,--,--,--,652.0,177.5,185.0
65026,0,0,7,35,0,32.6,2026-05-18,0,40,-3.9,2026-02-09,546.5,140.5,145.0
65036,0,0,1,26,0,30.4,2026-05-18,0,1,-0.6,2026-02-08,509.0,156.5,163.0
65042,0,0,2,27,0,30.7,2026-05-30,0,2,-0.4,2026-02-08,522.5,151.0,155.5
65061,0,0,0,6,9,27.9,2026-05-18,0,73,-10.1,2026-02-10,733.5,184.0,198.0
65106,--,--,--,--,--,--,--,--,--,--,--,556.5,169.5,175.5
65121,0,0,2,22,0,32.0,2026-05-18,0,56,-5.4,2026-02-04,689.5,185.5,190.5
65162,0,0,4,15,1,31.4,2026-05-18,0,58,-4.9,2026-02-10,1071.5,260.0,266.5
65201,0,0,2,26,0,31.0,2026-05-18,0,12,-1.7,2026-02-08,665.0,221.0,226.0
65226,--,--,--,--,--,--,--,--,--,--,--,1042.5,396.0,406.5
65256,0,0,5,36,0,31.7,2026-05-18,0,56,-5.2,2026-02-10,803.5,250.0,255.5
65276,0,0,2,24,0,31.6,2026-05-29,0,5,-2.2,2026-01-23,1623.5,434.0,458.0
65288,0,0,0,20,0,29.7,2026-05-29,0,4,-1.5,2026-02-08,582.0,201.0,206.0
65306,0,0,3,29,0,30.7,2026-05-17,0,53,-4.6,2026-02-10,1484.5,452.5,468.5
65311,--,--,--,--,--,--,--,--,--,--,--,1643.0,527.5,545.0
65321,--,--,--,--,--,--,--,--,--,--,--,892.0,292.0,300.0
65356,0,0,0,11,0,28.5,2026-05-29,0,2,-0.3,2026-02-09,1096.0,391.0,429.5
66046,0,0,1,12,4,30.2,2026-05-18,0,72,-11.6,2026-02-10,955.5,77.0,86.0
66056,--,--,--,--,--,--,--,--,--,--,--,989.5,72.5,83.0
66091,0,0,2,15,6,30.6,2026-05-18,0,76,-10.2,2026-02-10,718.5,76.0,89.0
66112,--,--,--,--,--,--,--,--,--,--,--,771.0,99.0,115.5
66127,0,0,8,25,0,32.4,2026-05-18,0,67,-9.4,2026-02-10,533.0,94.0,101.5
66136,0,0,4,21,0,31.2,2026-05-18,0,61,-6.5,2026-02-10,595.5,94.0,107.0
66171,0,0,11,25,0,33.4,2026-05-18,0,56,-5.6,2026-02-09,506.0,79.5,93.0
66186,0,0,8,28,0,32.4,2026-05-18,0,56,-5.1,2026-01-23,528.5,109.0,121.0
66221,0,0,2,18,1,31.6,2026-05-17,0,67,-7.6,2026-02-09,540.5,95.0,114.0
66226,--,--,--,--,--,--,--,--,--,--,--,491.0,88.0,108.0
66237,--,--,--,--,--,--,--,--,--,--,--,467.0,93.5,107.0
66251,--,--,--,--,--,--,--,--,--,--,--,504.5,118.5,132.5
66276,--,--,--,--,--,--,--,--,--,--,--,545.0,117.5,141.5
66287,--,--,--,--,--,--,--,--,--,--,--,500.5,122.5,138.5
66296,0,0,7,26,0,33.5,2026-05-17,0,62,-6.1,2026-01-25,495.5,117.0,131.5
66306,0,0,5,23,0,32.3,2026-05-17,0,69,-8.6,2026-02-09,519.0,160.0,176.5
66336,0,0,9,33,0,34.2,2026-05-17,0,46,-5.9,2026-02-09,446.0,99.0,116.0
66346,0,0,2,19,0,30.7,2026-05-17,0,46,-6.5,2026-02-09,540.0,160.5,181.0
66381,--,--,--,--,--,--,--,--,--,--,--,593.0,153.5,190.5
66391,--,--,--,--,--,--,--,--,--,--,--,528.5,161.5,183.0
66408,0,0,7,27,0,32.3,2026-05-17,0,34,-4.5,2026-02-09,558.5,179.0,202.0
66421,0,0,0,19,0,29.1,2026-05-29,0,55,-5.0,2026-01-21,500.0,173.0,196.0
66446,0,0,7,24,0,31.9,2026-05-18,0,29,-3.5,2026-02-09,521.5,152.5,166.5
66481,0,0,4,21,0,30.9,2026-05-18,0,37,-4.1,2026-01-23,522.0,137.5,154.0
66501,0,0,1,17,0,30.3,2026-05-17,0,10,-2.8,2026-02-09,457.0,119.5,125.5
67016,0,0,1,11,8,30.3,2026-05-18,0,80,-12.3,2026-02-10,739.0,65.0,75.0
67026,--,--,--,--,--,--,--,--,--,--,--,700.0,67.0,77.5
67052,--,--,--,--,--,--,--,--,--,--,--,694.5,78.5,95.0
67106,0,0,9,28,0,33.8,2026-05-18,0,58,-7.0,2026-02-08,566.0,82.5,115.5
67116,0,0,9,28,2,32.7,2026-05-18,0,67,-7.9,2026-02-10,533.5,69.0,85.5
67126,--,--,--,--,--,--,--,--,--,--,--,571.0,92.0,114.0
67136,--,--,--,--,--,--,--,--,--,--,--,876.5,60.5,81.5
67151,0,0,3,19,4,32.0,2026-05-31,0,79,-11.0,2026-02-10,714.5,76.5,104.5
67161,--,--,--,--,--,--,--,--,--,--,--,564.5,90.0,121.0
67191,0,0,1,13,3,30.4,2026-05-17,0,82,-10.0,2026-02-10,551.0,112.0,144.0
67211,--,--,--,--,--,--,--,--,--,--,--,730.0,72.5,106.5
67212,0,0,9,35,1,34.8,2026-05-17,0,52,-6.1,2026-02-09,688.5,91.5,124.0
67217,--,--,--,--,--,--,--,--,--,--,--,710.0,87.5,126.0
67231,--,--,--,--,--,--,--,--,--,--,--,613.5,102.0,138.0
67251,--,--,--,--,--,--,--,--,--,--,--,551.0,105.5,140.0
67271,--,--,--,--,--,--,--,--,--,--,--,961.0,108.0,153.0
67292,0,0,7,25,0,32.0,2026-05-17,0,44,-7.9,2026-02-09,642.0,115.5,142.5
67306,--,--,--,--,--,--,--,--,--,--,--,556.0,124.5,142.0
67316,0,0,5,19,1,31.5,2026-05-18,0,71,-10.8,2026-02-09,541.5,115.0,138.0
67326,0,0,10,31,0,34.1,2026-05-18,0,44,-4.6,2026-02-09,531.0,153.0,173.5
67351,--,--,--,--,--,--,--,--,--,--,--,746.5,129.5,156.5
67371,--,--,--,--,--,--,--,--,--,--,--,614.0,121.5,143.0
67376,0,0,3,18,0,30.9,2026-05-17,0,63,-11.8,2026-02-09,572.5,118.0,132.0
67386,0,0,1,17,0,30.0,2026-05-18,0,39,-6.1,2026-02-09,551.0,134.5,151.0
67401,0,0,2,21,0,30.4,2026-06-03,0,37,-4.5,2026-02-09,566.0,174.5,186.5
67421,0,0,2,20,1,30.9,2026-05-18,0,68,-10.7,2026-02-09,792.5,117.5,134.5
67437,0,0,4,24,0,31.3,2026-05-18,0,10,-2.9,2026-02-09,669.5,130.0,149.0
67461,0,0,0,10,0,28.4,2026-06-03,0,11,-2.7,2026-02-09,545.0,154.0,163.0
67471,0,0,0,14,0,28.6,2026-05-26,0,17,-2.8,2026-02-09,550.5,140.5,153.0
67496,0,0,4,27,0,31.1,2026-05-18,0,15,-4.0,2026-02-09,692.0,122.5,134.5
67511,0,0,0,19,0,29.7,2026-05-31,0,5,-2.5,2026-02-09,641.5,117.5,130.5
67566,--,--,--,--,--,--,--,--,--,--,--,711.5,148.5,164.0
67576,0,0,0,19,0,29.6,2026-05-31,0,3,-1.6,2026-02-09,626.5,143.0,157.0
68022,0,0,1,11,1,31.2,2026-05-31,0,31,-3.0,2026-02-08,642.5,20.0,20.0
68046,0,0,0,10,1,29.9,2026-05-18,0,25,-3.4,2026-02-08,464.5,20.5,20.5
68056,0,0,0,12,0,29.8,2026-06-01,0,19,-2.9,2026-02-08,517.5,17.5,17.5
68091,0,0,0,16,0,29.9,2026-05-31,0,10,-2.1,2026-02-08,522.5,23.0,25.0
68121,0,0,4,24,0,32.3,2026-05-18,0,16,-5.0,2026-02-10,536.5,24.0,26.5
68132,0,0,5,26,0,32.9,2026-05-31,0,14,-2.8,2026-02-10,555.0,23.5,25.5
68156,0,0,5,21,0,31.7,2026-06-01,0,19,-3.0,2026-02-19,535.5,28.5,33.0
68166,--,--,--,--,--,--,--,--,--,--,--,604.0,32.5,35.0
68181,--,--,--,--,--,--,--,--,--,--,--,645.0,38.5,42.5
68206,--,--,--,--,--,--,--,--,--,--,--,682.5,34.0,39.5
68246,0,0,6,21,0,32.2,2026-05-18,0,11,-2.1,2026-02-08,540.0,36.5,39.5
68261,0,0,4,25,0,33.4,2026-05-18,0,56,-5.7,2026-02-09,679.5,42.0,46.5
68276,0,0,4,22,3,32.8,2026-05-18,0,66,-9.3,2026-02-09,649.5,47.0,53.5
68286,--,--,--,--,--,--,--,--,--,--,--,449.0,24.0,29.0
68306,0,0,2,15,3,30.5,2026-05-18,0,68,-7.6,2026-02-09,712.0,47.0,55.5
68346,--,--,--,--,--,--,--,--,--,--,--,600.5,43.0,51.0
68351,0,0,8,28,0,33.8,2026-05-18,0,50,-4.4,2026-02-09,654.0,44.0,50.5
68376,0,0,1,18,0,30.2,2026-05-31,0,3,-2.5,2026-02-08,421.0,30.0,38.5
68401,0,0,6,24,3,31.9,2026-05-18,0,73,-8.0,2026-02-09,661.5,59.5,73.5
68421,--,--,--,--,--,--,--,--,--,--,--,424.5,28.0,37.5
68431,0,0,2,14,4,32.0,2026-06-01,0,67,-8.0,2026-02-10,631.0,35.5,44.5
68436,--,--,--,--,--,--,--,--,--,--,--,734.0,45.0,55.0
68456,0,0,1,13,0,30.5,2026-06-01,0,10,-2.9,2026-02-08,439.0,39.0,56.5
68462,0,0,2,17,0,32.8,2026-06-01,0,7,-2.9,2026-02-08,472.0,39.5,56.5
68501,--,--,--,--,--,--,--,--,--,--,--,626.0,58.0,82.5
68516,0,0,8,34,0,33.5,2026-05-18,0,52,-7.2,2026-02-09,633.5,73.0,79.5
68541,0,0,4,22,1,31.8,2026-05-18,0,59,-7.4,2026-02-09,679.0,68.0,85.0
69006,0,0,6,22,0,32.8,2026-05-18,0,11,-2.5,2026-02-10,648.5,24.0,25.0
69021,0,0,0,13,0,29.5,2026-05-31,0,13,-2.3,2026-02-08,620.5,26.0,26.5
69041,0,0,3,15,0,31.1,2026-05-31,0,23,-2.0,2026-02-08,751.0,36.0,36.5
69052,0,0,3,13,0,32.7,2026-06-01,0,13,-2.0,2026-01-23,520.5,45.5,45.5
69061,0,0,4,25,0,31.9,2026-06-01,0,35,-4.8,2026-02-10,761.0,44.0,46.5
69076,0,0,5,20,0,32.8,2026-05-26,0,17,-2.8,2026-02-09,583.0,34.5,36.5
69101,0,0,4,17,0,33.9,2026-06-01,0,14,-2.4,2026-02-08,670.0,43.5,44.0
69111,--,--,--,--,--,--,--,--,--,--,--,1181.5,64.5,73.0
69122,0,0,8,25,0,34.4,2026-05-18,0,19,-2.7,2026-01-23,788.0,53.0,53.5
69152,--,--,--,--,--,--,--,--,--,--,--,1113.0,85.0,106.0
69161,--,--,--,--,--,--,--,--,--,--,--,785.0,56.5,59.0
69181,--,--,--,--,--,--,--,--,--,--,--,894.5,64.5,72.5
69196,--,--,--,--,--,--,--,--,--,--,--,774.0,62.5,74.0
69222,--,--,--,--,--,--,--,--,--,--,--,467.5,41.0,50.5
69246,0,0,6,22,1,33.3,2026-05-18,0,58,-8.8,2026-01-23,829.5,74.0,82.0
69271,0,0,2,12,7,31.6,2026-05-18,0,76,-12.9,2026-02-09,673.5,61.5,73.0
71066,0,0,7,27,0,33.1,2026-05-18,0,44,-4.2,2026-01-21,560.0,139.5,151.0
71087,0,0,7,31,0,32.6,2026-06-01,0,29,-3.1,2026-01-21,663.5,293.0,300.5
71106,0,0,3,26,0,30.7,2026-05-18,0,6,-1.0,2026-02-10,746.0,265.0,289.5
71136,--,--,--,--,--,--,--,--,--,--,--,677.5,228.0,239.5
71211,--,--,--,--,--,--,--,--,--,--,--,1418.5,580.5,630.0
71231,0,0,0,19,0,29.4,2026-06-03,0,2,0.0,2026-01-24,718.0,181.0,200.0
71251,0,0,4,23,0,32.7,2026-05-17,0,55,-6.6,2026-01-23,1350.0,476.5,522.0
71266,0,0,3,26,0,33.5,2026-06-03,0,12,-2.7,2026-02-09,1386.5,426.0,521.0
71291,0,0,2,21,0,32.5,2026-06-03,0,37,-5.9,2026-01-23,1627.5,471.0,611.5
72061,0,0,2,22,0,30.2,2026-05-18,0,11,-1.8,2026-01-21,542.0,210.5,229.0
72086,0,0,6,29,0,31.9,2026-05-17,0,6,-2.1,2026-02-10,543.5,173.5,182.5
72111,0,0,1,20,0,30.3,2026-06-01,0,6,-1.7,2026-02-10,566.0,121.0,136.5
72121,0,0,9,29,0,31.9,2026-05-18,0,46,-5.1,2026-01-21,555.0,145.0,157.5
72126,0,0,2,21,0,30.1,2026-05-17,0,37,-4.6,2026-02-08,513.5,126.0,130.5
72146,0,0,4,23,0,31.6,2026-06-01,0,15,-3.6,2026-01-12,600.5,220.0,231.0
72161,0,0,9,31,0,32.7,2026-05-26,0,45,-4.9,2026-01-21,539.0,128.0,139.5
72176,--,--,--,--,--,--,--,--,--,--,--,661.0,189.0,205.0
73001,0,0,0,20,0,29.7,2026-05-31,0,37,-5.0,2026-02-09,606.0,157.0,167.5
73071,--,--,--,--,--,--,--,--,--,--,--,726.0,176.5,189.0
73076,0,0,0,19,0,29.8,2026-05-18,0,16,-3.7,2026-02-09,567.0,120.5,132.5
73126,0,0,3,23,0,30.7,2026-05-17,0,13,-2.4,2026-02-09,656.0,195.0,201.5
73151,0,0,2,23,0,31.0,2026-05-26,0,8,-2.5,2026-01-21,652.0,160.0,173.5
73152,--,--,--,--,--,--,--,--,--,--,--,850.0,240.5,251.0
73166,0,0,1,25,0,30.5,2026-05-31,0,4,-2.7,2026-02-09,570.5,115.5,121.5
73168,0,0,0,12,0,27.1,2026-05-21,0,6,-2.3,2026-02-09,548.0,118.0,127.0
73231,--,--,--,--,--,--,--,--,--,--,--,631.0,155.5,161.0
73247,--,--,--,--,--,--,--,--,--,--,--,1034.5,281.0,290.0
73256,0,0,0,7,0,27.2,2026-05-21,0,4,-1.1,2026-02-10,321.5,76.0,83.5
73271,--,--,--,--,--,--,--,--,--,--,--,586.0,112.5,117.5
73276,0,0,3,21,1,31.9,2026-05-18,0,67,-10.3,2026-02-09,745.5,177.0,192.0
73306,0,0,11,32,0,33.6,2026-05-18,0,32,-3.8,2026-02-10,597.0,121.5,128.0
73321,--,--,--,--,--,--,--,--,--,--,--,765.5,196.5,207.5
73341,0,0,0,12,0,28.5,2026-05-18,0,3,-2.6,2026-02-08,613.5,163.0,175.0
73351,--,--,--,--,--,--,--,--,--,--,--,591.5,153.5,162.5
73406,0,0,3,26,0,32.1,2026-05-18,0,45,-5.5,2026-02-09,699.0,149.0,158.5
73442,0,0,2,31,0,30.6,2026-05-31,0,4,-1.7,2026-01-26,601.5,189.5,196.0
73446,0,0,3,31,0,32.6,2026-05-18,0,38,-4.5,2026-01-26,776.5,202.5,218.0
73516,0,0,2,29,0,30.7,2026-05-29,0,8,-1.8,2026-01-26,726.0,175.5,187.5
74056,0,0,1,11,2,30.8,2026-05-17,0,58,-5.4,2026-02-08,1195.5,333.0,367.0
74071,0,0,4,27,0,33.5,2026-05-17,0,49,-5.1,2026-01-23,1062.5,244.5,265.5
74101,--,--,--,--,--,--,--,--,--,--,--,1239.0,422.5,469.5
74126,--,--,--,--,--,--,--,--,--,--,--,1484.5,219.5,243.0
74136,0,0,4,25,0,31.5,2026-05-18,0,31,-3.2,2026-01-24,1033.0,186.0,207.5
74151,--,--,--,--,--,--,--,--,--,--,--,1798.0,570.0,622.0
74166,--,--,--,--,--,--,--,--,--,--,--,1430.0,456.0,509.5
74182,0,0,3,32,0,32.9,2026-05-29,0,16,-2.9,2026-01-23,1402.5,325.0,352.5
74187,0,0,2,25,0,31.3,2026-05-29,0,27,-5.3,2026-01-23,879.0,235.0,256.0
74188,0,0,2,27,0,32.0,2026-05-29,0,23,-5.9,2026-01-23,927.0,242.5,263.5
74237,--,--,--,--,--,--,--,--,--,--,--,1684.0,666.0,742.0
74238,--,--,--,--,--,--,--,--,--,--,--,1622.0,558.0,622.0
74271,0,0,2,29,0,32.4,2026-05-29,0,7,-2.5,2026-02-09,902.0,247.5,274.0
74276,--,--,--,--,--,--,--,--,--,--,--,910.0,330.5,357.5
74296,0,0,3,18,0,31.2,2026-05-17,0,53,-6.5,2026-02-09,977.5,311.0,337.0
74311,0,0,1,23,0,32.5,2026-06-03,0,15,-3.0,2026-02-09,1334.0,439.0,494.0
74336,--,--,--,--,--,--,--,--,--,--,--,1943.0,638.5,768.0
74361,0,0,3,22,0,31.4,2026-06-03,0,51,-6.5,2026-02-09,1833.0,716.5,770.5
74372,0,0,0,5,0,28.1,2026-06-03,0,3,-1.7,2026-02-08,1460.5,411.0,558.5
74381,0,0,7,36,0,33.8,2026-05-17,0,35,-4.3,2026-01-26,929.5,290.5,309.0
74391,--,--,--,--,--,--,--,--,--,--,--,1317.5,458.5,487.0
74436,0,0,4,28,0,31.9,2026-06-03,0,20,-4.0,2026-02-09,1535.5,469.0,535.5
74447,0,0,1,24,0,30.3,2026-05-18,0,13,-3.3,2026-02-08,906.0,363.5,388.5
74456,0,0,6,34,0,32.4,2026-05-29,0,33,-5.1,2026-02-09,1235.0,475.0,526.0
74506,--,--,--,--,--,--,--,--,--,--,--,1116.5,444.5,504.0
74516,0,0,0,18,0,28.3,2026-05-29,0,2,-1.1,2026-02-09,1128.0,411.0,533.5
81011,0,0,3,19,0,33.2,2026-06-01,0,35,-3.9,2026-03-11,498.5,37.0,60.0
81071,0,0,5,19,0,33.0,2026-05-18,0,2,-1.7,2026-02-08,533.0,69.5,84.5
81116,0,0,2,17,0,30.9,2026-05-25,0,18,-2.6,2026-01-31,546.0,59.5,73.0
81151,0,0,3,23,2,31.2,2026-05-18,0,63,-9.1,2026-02-09,642.5,69.0,78.0
81167,--,--,--,--,--,--,--,--,--,--,--,1012.5,128.5,145.0
81196,0,0,2,18,0,30.5,2026-05-18,0,39,-6.6,2026-02-09,591.5,57.5,79.5
81228,--,--,--,--,--,--,--,--,--,--,--,909.5,85.0,107.0
81231,0,0,10,32,0,33.9,2026-05-17,0,47,-7.4,2026-02-09,962.5,108.0,127.0
81266,0,0,3,22,0,31.5,2026-05-18,0,56,-8.6,2026-02-09,626.5,55.0,76.5
81271,--,--,--,--,--,--,--,--,--,--,--,661.5,53.0,77.5
81286,0,0,8,31,0,33.0,2026-05-17,0,28,-6.2,2026-02-09,720.0,67.5,86.5
81301,--,--,--,--,--,--,--,--,--,--,--,848.0,82.5,98.5
81321,0,0,1,23,0,30.6,2026-05-31,0,36,-6.4,2026-02-09,788.5,125.0,140.0
81371,0,0,3,28,0,30.9,2026-05-30,0,26,-6.1,2026-02-09,610.5,78.0,93.5
81386,0,0,4,24,0,30.9,2026-05-18,0,21,-4.6,2026-02-09,765.5,112.0,128.0
81397,0,0,6,26,0,32.6,2026-05-18,0,51,-9.8,2026-02-09,832.5,114.0,126.5
81428,0,0,0,18,0,29.2,2026-05-17,0,1,-1.6,2026-02-08,609.0,51.5,83.0
81436,0,0,0,18,0,29.0,2026-05-17,0,12,-3.3,2026-02-09,565.0,79.0,103.0
81481,0,0,0,21,0,29.4,2026-05-31,0,28,-5.6,2026-02-09,672.0,140.5,150.5
81486,0,0,0,22,0,29.0,2026-05-31,0,26,-4.8,2026-02-09,725.0,166.5,180.0
82046,0,0,7,20,0,32.4,2026-06-01,0,23,-3.9,2026-01-26,519.5,29.5,58.5
82056,0,0,3,27,0,32.4,2026-05-18,0,8,-2.6,2026-02-08,520.0,44.0,69.0
82068,0,0,0,11,0,29.0,2026-05-30,0,1,-1.9,2026-02-08,539.0,69.0,96.5
82097,--,--,--,--,--,--,--,--,--,--,--,647.0,86.0,116.0
82101,0,0,1,25,0,31.1,2026-05-17,0,23,-3.5,2026-01-26,597.5,94.0,126.0
82136,0,0,7,31,0,32.9,2026-05-31,0,24,-4.2,2026-01-26,573.5,82.0,104.5
82171,0,0,5,29,0,31.6,2026-05-31,0,13,-3.6,2026-01-26,595.0,41.5,80.5
82182,0,0,7,24,0,32.3,2026-05-25,0,3,-0.9,2026-02-09,550.5,48.0,76.5
82186,0,0,8,27,0,33.3,2026-05-25,0,12,-2.5,2026-02-09,460.0,47.0,73.5
82191,0,0,14,34,0,33.8,2026-05-25,0,23,-3.4,2026-02-09,595.0,66.5,89.0
82206,0,0,6,28,0,32.1,2026-05-17,0,26,-4.1,2026-02-09,615.0,107.0,131.5
82241,--,--,--,--,--,--,--,--,--,--,--,610.0,61.5,72.5
82261,0,0,14,32,0,34.5,2026-05-25,0,36,-6.2,2026-02-09,587.0,83.0,107.0
82272,--,--,--,--,--,--,--,--,--,--,--,874.0,130.0,157.5
82306,0,0,15,37,0,34.9,2026-05-25,0,19,-4.5,2026-02-09,556.5,86.5,115.0
82317,0,0,14,30,0,33.1,2026-05-17,0,42,-6.7,2026-02-09,647.0,94.0,124.0
82331,--,--,--,--,--,--,--,--,--,--,--,496.5,69.0,96.5
82361,0,0,15,30,0,32.9,2026-05-20,0,27,-5.0,2026-02-08,537.5,80.0,112.5
83021,0,0,0,20,0,29.0,2026-05-31,0,5,-2.2,2026-02-08,585.0,136.0,153.0
83051,0,0,5,24,0,32.3,2026-05-25,0,14,-2.8,2026-02-08,503.0,96.0,107.5
83061,0,0,4,27,0,32.8,2026-05-18,0,22,-3.3,2026-01-09,543.5,118.5,131.5
83096,--,--,--,--,--,--,--,--,--,--,--,675.5,157.0,174.5
83106,0,0,6,32,0,33.4,2026-05-18,0,49,-7.3,2026-01-26,574.5,169.0,182.0
83121,0,0,0,20,0,29.9,2026-05-29,0,37,-4.8,2026-02-09,633.0,168.5,185.0
83126,0,0,0,11,0,29.6,2026-05-29,0,17,-3.5,2026-01-23,627.5,181.5,192.5
83137,0,1,16,41,0,35.3,2026-05-18,0,40,-6.2,2026-02-09,610.0,131.0,147.0
83191,0,0,8,23,1,34.1,2026-05-18,0,62,-10.1,2026-02-09,589.5,138.0,144.0
83201,0,0,2,19,2,30.8,2026-05-18,0,63,-9.8,2026-02-09,645.0,180.5,196.0
83216,0,0,5,27,0,31.0,2026-05-18,0,9,-2.0,2026-02-08,704.0,197.5,213.0
83226,--,--,--,--,--,--,--,--,--,--,--,711.0,236.5,249.0
83242,--,--,--,--,--,--,--,--,--,--,--,961.5,163.0,192.5
83286,--,--,--,--,--,--,--,--,--,--,--,765.5,309.0,322.0
83341,0,0,7,35,0,32.4,2026-05-18,0,45,-4.8,2026-01-26,717.0,236.5,254.5
83371,0,0,5,27,0,31.4,2026-05-31,0,59,-7.2,2026-01-09,732.0,251.0,275.5
83401,0,0,4,25,0,30.7,2026-06-03,0,19,-2.6,2026-02-09,953.5,393.5,436.0
83431,0,0,7,31,0,31.8,2026-05-17,0,59,-8.0,2026-01-26,1013.5,371.0,407.5
83476,0,0,2,25,0,31.1,2026-06-03,0,3,-2.0,2026-02-09,1319.5,393.0,517.5
84012,0,0,0,9,0,29.4,2026-06-01,0,10,-4.2,2026-02-08,297.0,21.0,51.0
84072,0,0,1,14,0,30.3,2026-05-31,0,17,-2.2,2026-02-08,812.5,53.0,208.5
84076,0,0,0,10,0,28.3,2026-05-17,0,12,-3.2,2026-02-08,557.5,56.0,153.0
84121,0,0,1,13,0,30.1,2026-05-31,0,9,-2.0,2026-02-08,530.0,21.5,75.5
84122,0,0,0,11,0,28.7,2026-05-18,0,21,-3.8,2026-01-22,502.5,26.5,82.5
84171,0,0,0,14,0,29.2,2026-05-20,0,1,-2.2,2026-02-08,776.5,40.5,94.0
84183,0,0,1,19,0,32.7,2026-05-20,0,5,-1.7,2026-02-08,678.5,33.0,62.0
84266,0,0,5,26,0,31.1,2026-05-20,0,5,-1.3,2026-02-08,599.0,36.5,75.5
84341,0,0,0,20,0,29.9,2026-05-25,0,1,-0.9,2026-02-08,809.0,39.0,167.5
84371,0,0,6,27,0,31.4,2026-05-25,0,8,-2.5,2026-02-08,607.0,62.0,96.0
84441,--,--,--,--,--,--,--,--,--,--,--,772.0,81.0,124.5
84496,0,0,4,25,0,31.2,2026-05-25,0,3,-1.5,2026-02-08,687.5,74.5,120.0
84519,0,0,0,10,2,27.0,2026-05-18,0,37,-7.1,2026-02-08,1211.0,190.0,261.0
84523,0,0,11,32,0,32.7,2026-05-25,0,13,-3.2,2026-02-09,887.0,150.5,206.5
84536,0,0,0,22,0,29.5,2026-05-31,0,2,-1.5,2026-02-08,818.0,61.0,105.5
84537,0,0,0,21,0,28.6,2026-05-31,0,6,-1.9,2026-02-08,729.0,62.5,112.0
84561,0,0,6,30,0,31.7,2026-05-25,0,10,-3.3,2026-02-09,625.0,124.5,163.5
85033,0,0,4,23,0,31.6,2026-05-20,0,11,-2.0,2026-01-26,593.0,41.5,66.5
85046,--,--,--,--,--,--,--,--,--,--,--,659.5,54.5,77.0
85106,--,--,--,--,--,--,--,--,--,--,--,672.5,89.0,116.5
85116,0,0,5,27,0,32.7,2026-05-20,0,20,-3.8,2026-01-29,700.5,52.5,79.5
85142,0,0,15,34,0,34.3,2026-05-18,0,17,-3.9,2026-02-09,558.5,66.0,91.0
85161,0,0,9,30,0,33.0,2026-05-17,0,33,-5.4,2026-02-08,754.0,90.0,123.0
85166,0,0,13,31,0,33.6,2026-05-18,0,29,-5.5,2026-02-09,485.0,66.0,90.5
85176,0,0,7,23,0,31.1,2026-05-17,0,33,-6.4,2026-02-09,530.0,75.0,104.0
86006,0,0,15,38,0,33.8,2026-05-18,0,53,-8.8,2026-02-09,652.0,93.5,118.0
86066,0,0,3,22,1,31.6,2026-05-18,0,65,-10.8,2026-02-09,770.5,127.5,133.5
86086,0,0,14,33,0,32.6,2026-05-18,0,28,-5.1,2026-02-09,553.5,89.0,122.5
86101,0,0,13,34,0,33.0,2026-05-18,0,42,-8.0,2026-02-09,569.0,91.5,112.5
86111,0,0,2,15,1,30.9,2026-05-18,0,63,-11.8,2026-02-09,987.5,214.0,266.5
86141,0,0,16,35,0,33.5,2026-05-25,0,24,-5.6,2026-02-09,613.0,119.0,139.0
86146,0,0,7,31,0,31.9,2026-05-18,0,36,-7.6,2026-02-08,634.5,122.5,141.5
86161,0,0,1,17,2,31.2,2026-05-17,0,50,-8.4,2026-01-26,806.5,167.0,194.0
86181,--,--,--,--,--,--,--,--,--,--,--,571.0,106.0,128.0
86197,--,--,--,--,--,--,--,--,--,--,--,847.0,146.0,184.0
86216,0,0,10,28,0,32.3,2026-05-20,0,6,-2.7,2026-02-09,572.0,109.5,143.0
86236,0,0,15,39,0,33.9,2026-05-31,0,38,-7.1,2026-02-09,706.0,122.0,139.0
86271,0,0,5,28,0,32.4,2026-05-20,0,14,-4.4,2026-02-09,637.5,120.5,148.5
86316,0,0,10,32,0,32.9,2026-05-20,0,11,-3.5,2026-02-08,710.0,129.0,174.0
86336,0,0,12,34,0,33.4,2026-05-20,0,20,-4.9,2026-02-09,654.5,136.0,161.5
86396,--,--,--,--,--,--,--,--,--,--,--,666.5,146.0,175.5
86407,--,--,--,--,--,--,--,--,--,--,--,938.5,175.5,219.0
86411,--,--,--,--,--,--,--,--,--,--,--,945.5,157.0,191.0
86451,0,0,7,30,0,33.8,2026-05-20,0,10,-3.5,2026-02-09,710.0,163.0,214.5
86461,--,--,--,--,--,--,--,--,--,--,--,934.0,184.0,240.0
86467,0,0,11,41,0,33.2,2026-05-17,0,40,-7.5,2026-02-09,876.5,173.5,224.5
86477,0,0,6,39,0,32.7,2026-05-17,0,54,-10.3,2026-02-09,712.0,154.5,189.0
86478,--,--,--,--,--,--,--,--,--,--,--,783.5,149.5,185.0
86481,--,--,--,--,--,--,--,--,--,--,--,967.0,236.5,277.0
86491,0,0,5,31,0,32.3,2026-05-20,0,2,-1.4,2026-02-08,766.5,178.5,233.0
87041,0,0,2,24,1,32.0,2026-05-17,0,52,-6.7,2026-01-26,764.5,238.5,271.5
87066,0,0,1,27,0,31.8,2026-06-03,0,17,-6.1,2026-02-09,1454.0,416.0,570.5
87071,0,0,1,17,2,31.0,2026-05-17,0,60,-9.0,2026-01-26,750.0,217.5,244.5
87086,--,--,--,--,--,--,--,--,--,--,--,828.5,322.5,353.0
87127,--,--,--,--,--,--,--,--,--,--,--,1014.5,398.0,442.5
87136,--,--,--,--,--,--,--,--,--,--,--,1278.5,511.5,584.5
87141,0,0,3,30,0,31.6,2026-06-03,0,16,-4.6,2026-02-09,1338.5,463.5,555.0
87157,--,--,--,--,--,--,--,--,--,--,--,918.5,221.0,253.5
87181,0,0,1,32,0,32.3,2026-06-03,0,25,-5.4,2026-01-23,1511.5,499.5,603.0
87206,0,0,6,36,0,32.5,2026-05-29,0,48,-9.2,2026-02-09,1152.0,419.5,472.0
87231,0,0,3,32,0,31.6,2026-05-17,0,40,-6.7,2026-02-09,965.0,327.0,373.0
87251,--,--,--,--,--,--,--,--,--,--,--,1511.0,521.0,633.5
87301,0,0,6,36,0,32.9,2026-05-17,0,41,-8.2,2026-02-09,954.5,223.5,293.5
87331,0,0,2,37,0,33.2,2026-06-03,0,33,-6.2,2026-02-09,1132.5,403.0,484.0
87346,--,--,--,--,--,--,--,--,--,--,--,1454.0,411.5,494.5
87352,0,0,3,30,0,30.5,2026-05-30,0,20,-5.1,2026-02-09,951.5,251.0,311.0
87371,--,--,--,--,--,--,--,--,--,--,--,1184.5,454.5,543.0
87376,0,0,2,33,0,33.2,2026-06-03,0,8,-3.3,2026-02-09,1200.5,410.0,512.5
87412,0,0,3,28,0,33.4,2026-06-03,0,10,-3.6,2026-02-09,1071.5,344.0,441.5
87426,0,0,5,39,0,31.7,2026-05-29,0,30,-5.6,2026-02-09,963.0,295.0,378.5
87461,--,--,--,--,--,--,--,--,--,--,--,1549.5,527.5,696.0
87492,0,0,2,29,0,32.5,2026-06-03,0,3,-2.2,2026-02-09,1385.0,407.5,584.5
87501,0,0,4,32,0,32.9,2026-05-29,0,24,-5.1,2026-02-09,1023.5,354.5,465.0
88061,0,0,3,23,0,31.4,2026-05-20,0,2,-1.4,2026-02-08,862.0,204.0,263.0
88066,--,--,--,--,--,--,--,--,--,--,--,814.5,194.5,266.0
88081,0,0,7,36,0,33.2,2026-05-17,0,49,-8.7,2026-02-09,850.0,167.5,225.0
88107,0,0,8,37,0,32.9,2026-05-20,0,39,-7.7,2026-02-09,963.0,194.0,279.0
88131,0,0,0,29,0,29.9,2026-05-20,0,0,0.8,2026-02-08,819.0,177.5,244.5
88151,0,0,5,35,0,31.9,2026-05-18,0,22,-4.5,2026-02-09,865.0,166.0,274.0
88166,0,0,0,26,0,29.3,2026-06-07,0,33,-8.9,2026-02-09,1029.0,275.0,334.0
88261,0,0,3,26,0,30.8,2026-06-07,0,12,-3.9,2026-02-09,863.5,215.0,288.0
88286,0,0,0,12,0,28.5,2026-05-17,0,20,-4.3,2026-02-09,1140.5,296.5,427.0
88317,0,0,6,39,0,31.6,2026-06-07,0,2,-2.1,2026-02-09,991.0,203.0,300.0
88331,0,0,0,16,0,28.7,2026-05-17,0,15,-3.4,2026-01-26,1118.0,276.5,415.0
88341,--,--,--,--,--,--,--,--,--,--,--,1062.5,310.5,412.0
88371,0,0,2,31,0,31.1,2026-05-18,0,5,-3.3,2026-02-09,823.5,147.0,200.0
88392,--,--,--,--,--,--,--,--,--,--,--,1410.5,296.5,477.0
88406,0,0,3,32,0,32.2,2026-05-29,0,18,-5.3,2026-02-09,986.5,318.0,424.5
88432,0,0,4,36,0,30.8,2026-05-20,0,5,-4.1,2026-02-09,1118.5,239.0,418.0
88442,0,0,4,34,0,31.0,2026-05-30,0,25,-6.1,2026-02-09,983.0,288.0,415.5
88447,0,0,4,35,0,32.2,2026-05-30,0,20,-5.6,2026-02-09,1137.0,404.0,522.5
88466,0,0,1,31,0,30.0,2026-06-07,0,2,-1.8,2026-02-09,868.0,186.5,305.0
88486,0,0,4,39,0,31.4,2026-05-20,0,3,-1.4,2026-02-09,960.0,189.5,341.5
88506,0,0,1,32,0,31.3,2026-05-29,0,15,-4.3,2026-02-09,1608.5,447.5,707.5
88536,0,0,1,28,0,30.2,2026-05-17,0,36,-7.4,2026-02-09,1216.5,389.5,528.0
88551,--,--,--,--,--,--,--,--,--,--,--,1074.0,283.5,465.5
88612,0,0,0,27,0,28.9,2026-05-20,0,0,2.6,2026-02-08,984.0,273.5,390.0
88621,0,0,0,9,0,26.7,2026-05-21,0,2,-0.8,2026-02-09,1020.0,279.5,396.0
88666,0,0,0,18,0,28.5,2026-05-30,0,0,0.1,2026-02-09,1424.5,282.0,443.5
88686,0,0,3,28,0,30.8,2026-06-03,0,0,1.9,2026-02-08,1824.0,398.5,550.0
88706,0,0,0,31,0,29.5,2026-06-03,0,0,1.4,2026-02-09,1724.5,362.5,677.0
88736,0,0,0,14,0,27.6,2026-05-29,0,0,1.0,2026-01-15,1632.0,253.0,411.0
88821,0,0,2,50,0,31.6,2026-06-07,0,0,6.4,2026-02-08,828.0,247.0,345.5
88837,0,0,6,43,0,32.0,2026-06-04,2,0,7.3,2026-02-08,1035.0,267.0,441.5
88851,0,0,0,47,0,28.4,2026-06-03,0,0,7.4,2026-02-08,1089.5,391.0,597.0
88901,0,0,0,42,0,29.0,2026-06-03,3,0,6.6,2026-02-08,1090.0,319.5,476.5
88931,0,0,0,46,0,29.1,2026-06-04,1,0,7.5,2026-02-08,1120.0,231.5,450.0
88956,0,0,0,41,0,29.5,2026-05-28,0,0,6.7,2026-02-08,892.5,209.0,337.0
88971,0,0,0,42,0,29.3,2026-06-08,0,0,7.4,2026-02-08,1020.5,221.0,378.5
88986,0,0,2,48,0,30.9,2026-05-27,0,0,8.7,2026-02-13,838.0,159.0,280.0
91011,0,0,0,50,0,29.7,2026-06-06,5,0,8.8,2026-02-08,828.0,85.5,162.5
91021,0,0,1,32,0,30.3,2026-06-05,0,0,6.2,2026-02-08,1083.5,172.0,307.0
91046,--,--,--,--,--,--,--,--,--,--,--,969.5,86.5,339.0
91066,--,--,--,--,--,--,--,--,--,--,--,880.0,93.0,182.5
91081,--,--,--,--,--,--,--,--,--,--,--,798.0,119.5,248.0
91096,--,--,--,--,--,--,--,--,--,--,--,964.0,259.5,334.0
91107,0,0,3,53,0,30.3,2026-06-03,9,0,8.4,2026-02-08,794.5,42.5,202.0
91121,--,--,--,--,--,--,--,--,--,--,--,733.0,20.0,112.0
91141,0,0,8,62,0,31.2,2026-06-04,8,0,8.9,2026-02-08,857.5,153.5,186.0
91146,0,0,11,62,0,31.6,2026-06-04,10,0,8.7,2026-02-08,1001.0,127.5,176.5
91161,--,--,--,--,--,--,--,--,--,--,--,796.5,26.0,98.5
91166,0,0,0,42,0,29.4,2026-04-13,5,0,7.9,2026-02-08,641.5,23.5,119.0
91181,0,0,0,33,0,28.1,2026-05-26,0,0,7.3,2026-02-08,775.0,28.5,87.5
91197,0,0,5,58,0,30.2,2026-05-26,9,0,9.3,2026-02-08,691.5,19.5,103.0
91236,0,0,1,61,0,30.9,2026-06-06,10,0,9.1,2026-02-08,618.0,23.5,101.0
91241,0,0,0,35,0,28.5,2026-05-26,0,0,7.0,2026-02-09,645.5,30.0,67.5
92006,0,0,4,66,0,30.7,2026-06-08,12,0,10.0,2026-02-05,557.5,39.0,56.0
92011,0,0,3,66,0,30.3,2026-05-31,11,0,7.1,2026-02-05,574.5,38.5,53.0
92012,0,0,4,60,0,30.6,2026-06-08,10,0,10.5,2026-02-09,567.0,41.0,59.5
93012,0,0,14,86,0,31.8,2026-05-28,17,0,10.4,2026-01-10,547.5,50.5,62.5
93041,0,0,14,70,0,31.7,2026-05-28,16,0,11.5,2026-02-09,690.0,83.5,94.5
93042,0,0,13,74,0,32.0,2026-05-28,15,0,11.0,2026-01-10,656.0,59.5,67.0
93051,--,--,--,--,--,--,--,--,--,--,--,637.0,52.0,63.5
93062,0,0,14,85,0,32.0,2026-06-05,20,0,9.5,2026-01-10,618.0,42.5,55.5
94001,0,0,17,79,0,33.6,2026-05-27,19,0,11.8,2026-02-08,624.5,46.0,49.0
94011,0,0,19,80,0,32.3,2026-05-27,21,0,11.4,2026-01-10,706.0,18.5,19.0
94017,0,0,17,79,0,32.5,2026-05-27,20,0,12.0,2026-01-10,1063.0,14.5,15.0
94036,--,--,--,--,--,--,--,--,--,--,--,647.0,19.0,23.0
94062,0,0,18,86,0,33.4,2026-05-27,20,0,12.0,2026-02-09,508.0,43.0,47.5
94081,0,0,18,90,0,32.2,2026-05-28,28,0,12.1,2026-02-09,617.5,50.5,55.5
94101,0,0,16,84,0,33.0,2026-05-28,20,0,11.5,2026-02-09,589.0,50.5,57.0
94116,0,0,26,90,0,34.3,2026-06-04,20,0,12.0,2026-02-09,462.0,71.5,75.5